time_window_start,tcp_packet_count,udp_packet_count,http_packet_count,tcp_sessions_count,udp_sessions_count,tcp_src_ports_count,udp_src_ports_count,tcp_dst_ports_count,udp_dst_ports_count,avg_pkt_length,avg_tcp_pkt_length,avg_udp_pkt_length,unique_ip_count,http_url_count,avg_http_url_length,http_url_categories
2025-05-29 17:55:51,0,0,0,0,0,0,0,0,0,62,0,0,0,0,0,нет
2025-05-29 17:55:52,0,22,0,0,1,0,1,0,1,392,0,482,2,0,0,нет
2025-05-29 17:55:53,2,0,0,2,0,2,0,2,0,61,60,0,2,0,0,нет
2025-05-29 17:55:54,0,0,0,0,0,0,0,0,0,62,0,0,0,0,0,нет
2025-05-29 17:55:55,16,4,0,4,0,3,3,3,3,306,432,167,2,4,26,нет
2025-05-29 17:55:56,256,91,4,17,10,11,16,10,16,316,287,415,9,26,19,видеохостинг
2025-05-29 17:55:56,256,91,4,17,10,11,16,10,16,316,287,415,9,26,19,нет
2025-05-29 17:55:57,336,72,2,19,6,11,4,12,4,432,396,630,12,0,0,нет
2025-05-29 17:55:58,104,0,0,4,0,3,0,3,0,225,238,0,3,0,0,нет
2025-05-29 17:55:59,53,0,0,4,0,3,0,3,0,190,204,0,3,0,0,нет
2025-05-29 17:56:00,11,0,0,2,0,2,0,2,0,144,190,0,2,0,0,нет
2025-05-29 17:56:01,4,0,0,2,0,2,0,2,0,64,58,0,2,0,0,нет
2025-05-29 17:56:02,0,0,0,0,0,0,0,0,0,62,0,0,0,0,0,нет
2025-05-29 17:56:03,0,2,0,0,2,0,2,0,2,68,0,86,2,0,0,нет
2025-05-29 17:56:04,43,8,0,2,0,2,5,2,5,161,183,119,2,8,39,студент
2025-05-29 17:56:05,35,2,0,2,2,2,2,2,2,166,189,86,4,0,0,нет
2025-05-29 17:56:06,2,0,0,2,0,2,0,2,0,75,60,0,2,0,0,нет
2025-05-29 17:56:07,39,1,0,4,1,4,1,4,1,159,177,60,5,0,0,нет
2025-05-29 17:56:08,24,4,0,2,0,2,3,2,3,160,192,117,2,4,37,студент
2025-05-29 17:56:09,20,0,0,4,0,3,0,3,0,155,184,0,3,0,0,нет
2025-05-29 17:56:10,35,4,0,2,0,2,3,2,3,165,188,121,2,4,41,студент
2025-05-29 17:56:11,38,0,0,4,0,3,0,3,0,163,179,0,3,0,0,нет
2025-05-29 17:56:12,0,0,0,0,0,0,0,0,0,70,0,0,0,0,0,нет
2025-05-29 17:56:13,37,0,0,2,0,2,0,2,0,165,182,0,2,0,0,нет
2025-05-29 17:56:14,37,4,0,2,0,2,3,2,3,161,182,117,2,4,37,студент
2025-05-29 17:56:15,10,0,0,2,0,2,0,2,0,129,176,0,4,0,0,нет
2025-05-29 17:56:16,544,2581,2,18,6,11,4,11,4,818,451,900,12,0,0,нет
2025-05-29 17:56:17,48,521,0,9,3,8,3,5,2,787,173,854,6,0,0,нет
2025-05-29 17:56:18,96,21,0,10,3,6,3,6,2,545,664,551,5,0,0,нет
2025-05-29 17:56:19,331,57,0,24,4,14,3,12,3,356,374,384,11,0,0,нет
2025-05-29 17:56:20,178,865,0,18,4,11,3,9,3,821,401,923,9,0,0,нет
2025-05-29 17:56:21,110,17,0,15,2,10,2,7,2,353,348,725,8,0,0,нет
2025-05-29 17:56:22,454,175,0,11,5,8,4,5,4,333,226,641,10,0,0,нет
2025-05-29 17:56:23,47,10,0,9,2,6,2,5,2,202,135,632,7,0,0,нет
2025-05-29 17:56:24,91,0,0,6,0,5,0,3,0,165,172,0,3,0,0,нет
2025-05-29 17:56:25,84,15,0,7,2,5,2,4,2,422,407,653,5,0,0,нет
2025-05-29 17:56:26,429,73,10,28,5,17,4,15,4,599,590,868,12,0,0,нет
2025-05-29 17:56:27,120,78,0,7,4,6,3,5,3,693,672,774,7,0,0,нет
2025-05-29 17:56:28,56,174,0,4,8,3,5,3,5,563,157,711,6,0,0,нет
2025-05-29 17:56:29,157,87,0,4,7,4,4,2,5,623,542,809,7,0,0,нет
2025-05-29 17:56:30,31,0,0,7,0,6,0,3,0,151,169,0,4,0,0,нет
2025-05-29 17:56:31,18,0,0,9,0,8,0,5,0,186,227,0,5,0,0,нет
2025-05-29 17:56:32,4,0,0,3,0,3,0,1,0,200,407,0,2,0,0,нет
2025-05-29 17:56:33,854,29,0,7,6,6,4,3,4,954,975,695,7,0,0,нет
2025-05-29 17:56:34,25,235,0,6,6,6,4,2,4,856,478,937,6,0,0,нет
2025-05-29 17:56:35,10,6,0,5,2,5,2,2,2,445,528,692,3,0,0,нет
2025-05-29 17:56:36,14,5,0,14,2,10,2,7,2,166,159,313,5,0,0,нет
2025-05-29 17:56:37,6,9,0,6,2,6,2,3,2,262,292,392,4,0,0,нет
2025-05-29 17:56:38,3,8,0,3,2,3,2,1,2,149,55,262,3,0,0,нет
2025-05-29 17:56:39,20,0,0,10,0,8,0,4,0,214,260,0,5,0,0,нет
2025-05-29 17:56:40,10,0,0,5,0,5,0,2,0,202,450,0,4,0,0,нет
2025-05-29 17:56:41,60,0,0,5,0,4,0,3,0,714,780,0,4,0,0,нет
2025-05-29 17:56:42,2,1348,0,2,4,2,3,1,3,885,650,889,5,0,0,нет
2025-05-29 17:56:43,2,0,0,2,0,2,0,1,0,194,590,0,2,0,0,нет
2025-05-29 17:56:44,6,0,0,6,0,6,0,2,0,290,599,0,5,0,0,нет
2025-05-29 17:56:45,2,0,0,2,0,2,0,1,0,142,383,0,3,0,0,нет
2025-05-29 17:56:46,12,5,0,12,2,8,2,7,2,144,114,314,6,0,0,нет
2025-05-29 17:56:47,64,0,0,6,0,6,0,4,0,718,779,0,5,0,0,нет
2025-05-29 17:56:48,1,17,0,1,2,1,2,1,2,437,55,592,3,0,0,нет
2025-05-29 17:56:49,4,9,0,3,2,3,2,1,2,251,219,393,5,0,0,нет
2025-05-29 17:56:50,4,0,0,4,0,4,0,1,0,59,55,0,4,0,0,нет
2025-05-29 17:56:51,7,0,0,6,0,6,0,2,0,109,150,0,5,0,0,нет
2025-05-29 17:56:52,5,22,0,4,1,4,1,1,1,360,186,482,6,0,0,нет
2025-05-29 17:56:53,4,0,0,4,0,4,0,1,0,59,55,0,4,0,0,нет
2025-05-29 17:56:54,12,1439,0,8,4,7,3,3,3,878,221,887,6,0,0,нет
2025-05-29 17:56:55,16,0,0,10,0,8,0,4,0,98,111,0,6,0,0,нет
2025-05-29 17:56:56,27,8,4,20,2,14,5,10,5,142,128,247,8,4,12,нет
2025-05-29 17:56:57,3,0,0,3,0,3,0,1,0,59,55,0,3,0,0,нет
2025-05-29 17:56:58,12,6,0,7,2,6,2,3,2,167,118,373,5,0,0,нет
2025-05-29 17:56:59,9,0,0,6,0,6,0,2,0,234,348,0,3,0,0,нет
2025-05-29 17:57:00,9,0,0,5,0,5,0,2,0,277,421,0,3,0,0,нет
2025-05-29 17:57:01,6,9,0,4,2,4,2,2,2,327,494,393,5,0,0,нет
2025-05-29 17:57:02,1,0,0,1,0,1,0,1,0,135,590,0,2,0,0,нет
2025-05-29 17:57:03,4,0,0,4,0,4,0,1,0,297,650,0,3,0,0,нет
2025-05-29 17:57:04,5,304,0,5,2,5,2,2,2,880,295,906,5,0,0,нет
2025-05-29 17:57:05,2,0,0,2,0,2,0,1,0,142,383,0,3,0,0,нет
2025-05-29 17:57:06,14,0,0,14,0,9,0,8,0,93,106,0,5,0,0,нет
2025-05-29 17:57:07,1,1,0,1,1,1,1,1,1,60,55,60,4,0,0,нет
2025-05-29 17:57:08,4,0,0,3,0,3,0,1,0,190,383,0,3,0,0,нет
2025-05-29 17:57:09,3,0,0,3,0,3,0,1,0,59,55,0,3,0,0,нет
2025-05-29 17:57:10,4,1698,0,4,4,4,3,1,3,895,55,900,5,0,0,нет
2025-05-29 17:57:11,15,0,0,8,0,7,0,3,0,247,321,0,4,0,0,нет
2025-05-29 17:57:12,7,0,0,5,0,5,0,1,0,325,551,0,3,0,0,нет
2025-05-29 17:57:13,12,0,0,7,0,7,0,2,0,176,338,0,3,0,0,нет
2025-05-29 17:57:14,6,7,0,6,2,6,2,2,2,251,166,486,5,0,0,нет
2025-05-29 17:57:15,4,0,0,4,0,4,0,1,0,124,219,0,3,0,0,нет
2025-05-29 17:57:16,16,0,0,16,0,11,0,8,0,124,147,0,5,0,0,нет
2025-05-29 17:57:17,3,0,0,3,0,3,0,1,0,94,55,0,3,0,0,нет
2025-05-29 17:57:18,10,5,0,6,2,6,2,2,2,260,319,452,4,0,0,нет
2025-05-29 17:57:19,19,0,0,11,0,8,0,5,0,119,137,0,6,0,0,нет
2025-05-29 17:57:20,8,5,0,5,2,5,2,2,2,264,385,314,4,0,0,нет
2025-05-29 17:57:21,7,1204,0,5,4,5,3,2,3,903,539,910,6,0,0,нет
2025-05-29 17:57:22,4,11,0,4,1,4,1,1,1,368,516,482,6,0,0,нет
2025-05-29 17:57:23,13,11,0,8,1,7,1,3,1,261,200,482,8,0,0,нет
2025-05-29 17:57:24,6,352,0,6,2,6,2,2,2,919,255,945,5,0,0,нет
2025-05-29 17:57:25,3,0,0,3,0,3,0,1,0,132,273,0,4,0,0,нет
2025-05-29 17:57:26,14,0,0,14,0,9,0,8,0,59,59,0,6,0,0,нет
2025-05-29 17:57:27,4,0,0,4,0,4,0,1,0,162,383,0,6,0,0,нет
2025-05-29 17:57:28,7,331,0,6,6,6,4,2,4,899,159,930,8,0,0,нет
2025-05-29 17:57:29,7,0,0,6,0,6,0,2,0,64,66,0,5,0,0,нет
2025-05-29 17:57:30,11,0,0,8,0,8,0,2,0,135,176,0,5,0,0,нет
2025-05-29 17:57:31,10,16,0,9,2,8,2,3,2,397,260,609,6,0,0,нет
2025-05-29 17:57:32,11,0,0,6,0,6,0,2,0,174,235,0,4,0,0,нет
2025-05-29 17:57:33,5,0,0,4,0,4,0,1,0,187,448,0,3,0,0,нет
2025-05-29 17:57:34,4,0,0,4,0,4,0,2,0,60,57,0,4,0,0,нет
2025-05-29 17:57:35,4,0,0,4,0,4,0,1,0,190,383,0,3,0,0,нет
2025-05-29 17:57:36,14,0,0,14,0,9,0,8,0,60,59,0,5,0,0,нет
2025-05-29 17:57:37,10,0,0,5,0,5,0,2,0,222,319,0,3,0,0,нет
2025-05-29 17:57:38,2,0,0,2,0,2,0,1,0,133,383,0,2,0,0,нет
2025-05-29 17:57:39,2,0,0,2,0,2,0,1,0,142,383,0,2,0,0,нет
2025-05-29 17:57:40,2,0,0,1,0,1,0,1,0,142,383,0,2,0,0,нет
2025-05-29 17:57:41,18,0,0,9,0,7,0,4,0,195,240,0,4,0,0,нет
2025-05-29 17:57:42,7,0,0,5,0,5,0,1,0,310,523,0,3,0,0,нет
2025-05-29 17:57:43,9,0,0,6,0,6,0,2,0,256,386,0,4,0,0,нет
2025-05-29 17:57:44,8,0,0,6,0,6,0,2,0,356,652,0,5,0,0,нет
2025-05-29 17:57:45,7,0,0,6,0,6,0,2,0,156,236,0,4,0,0,нет
2025-05-29 17:57:46,17,0,0,17,0,13,0,7,0,147,218,0,7,0,0,нет
2025-05-29 17:57:47,4,0,0,4,0,4,0,2,0,60,57,0,3,0,0,нет
2025-05-29 17:57:48,6,0,0,6,0,6,0,1,0,285,508,0,4,0,0,нет
2025-05-29 17:57:49,8,0,0,5,0,5,0,2,0,106,139,0,3,0,0,нет
2025-05-29 17:57:50,8,0,0,5,0,5,0,2,0,154,223,0,4,0,0,нет
2025-05-29 17:57:51,12,0,0,9,0,8,0,3,0,131,166,0,4,0,0,нет
2025-05-29 17:57:52,6,11,0,5,1,5,1,1,1,337,383,482,5,0,0,нет
2025-05-29 17:57:53,19,11,0,13,1,9,1,6,1,287,245,482,11,0,0,нет
2025-05-29 17:57:54,14,0,0,12,0,10,0,4,0,130,160,0,7,0,0,нет
2025-05-29 17:57:55,11,0,0,7,0,5,0,4,0,62,62,0,6,0,0,нет
2025-05-29 17:57:56,23,0,0,19,0,14,0,9,0,129,147,0,7,0,0,нет
2025-05-29 17:57:57,8,0,0,7,0,7,0,3,0,152,220,0,5,0,0,нет
2025-05-29 17:57:58,4,6,0,4,2,4,2,1,2,196,219,316,4,0,0,нет
2025-05-29 17:57:59,5,0,0,4,0,4,0,1,0,118,186,0,3,0,0,нет
2025-05-29 17:58:00,4,5,0,4,2,4,2,1,2,144,55,314,4,0,0,нет
2025-05-29 17:58:01,20,0,0,12,0,10,0,4,0,235,287,0,5,0,0,нет
2025-05-29 17:58:02,8,0,0,6,0,6,0,1,0,199,302,0,5,0,0,нет
2025-05-29 17:58:03,8,0,0,5,0,5,0,2,0,246,384,0,4,0,0,нет
2025-05-29 17:58:04,6,2,0,6,2,6,2,2,2,156,275,86,7,0,0,нет
2025-05-29 17:58:05,4,0,0,4,0,4,0,1,0,190,383,0,4,0,0,нет
2025-05-29 17:58:06,15,2,0,14,2,10,2,7,2,118,146,86,7,0,0,нет
2025-05-29 17:58:07,6,1,0,6,1,6,1,3,1,109,166,60,6,0,0,нет
2025-05-29 17:58:08,3,0,0,3,0,3,0,1,0,59,55,0,2,0,0,нет
2025-05-29 17:58:09,9,0,0,5,0,5,0,2,0,190,275,0,3,0,0,нет
2025-05-29 17:58:10,4,0,0,4,0,4,0,1,0,190,383,0,3,0,0,нет
2025-05-29 17:58:11,14,0,0,9,0,8,0,3,0,222,291,0,4,0,0,нет
2025-05-29 17:58:12,5,0,0,5,0,5,0,1,0,178,317,0,4,0,0,нет
2025-05-29 17:58:13,6,0,0,6,0,6,0,1,0,167,273,0,4,0,0,нет
2025-05-29 17:58:14,6,0,0,6,0,6,0,2,0,59,56,0,5,0,0,нет
2025-05-29 17:58:15,11,0,0,7,0,7,0,2,0,174,235,0,4,0,0,нет
2025-05-29 17:58:16,15,0,0,14,0,10,0,7,0,122,146,0,5,0,0,нет
2025-05-29 17:58:17,14,0,0,11,0,9,0,6,0,86,71,0,7,0,0,нет
2025-05-29 17:58:18,5,0,0,5,0,5,0,1,0,178,317,0,3,0,0,нет
2025-05-29 17:58:19,4,0,0,4,0,4,0,1,0,59,55,0,3,0,0,нет
2025-05-29 17:58:20,18,0,0,10,0,9,0,3,0,179,275,0,3,0,0,нет
2025-05-29 17:58:21,10,0,0,7,0,7,0,2,0,221,317,0,4,0,0,нет
2025-05-29 17:58:22,30,11,0,19,1,13,1,10,1,202,148,482,9,0,0,нет
2025-05-29 17:58:23,4,13,0,4,3,4,3,1,3,327,383,433,8,0,0,нет
2025-05-29 17:58:24,5,0,0,5,0,5,0,2,0,119,188,0,4,0,0,нет
2025-05-29 17:58:25,6,0,0,5,0,5,0,1,0,202,383,0,3,0,0,нет
2025-05-29 17:58:26,8,0,0,8,0,7,0,4,0,106,139,0,4,0,0,нет
2025-05-29 17:58:27,6,0,0,5,0,5,0,2,0,64,67,0,5,0,0,нет
2025-05-29 17:58:28,14,5,0,7,2,6,2,3,2,310,398,363,5,0,0,нет
2025-05-29 17:58:29,10,0,0,6,0,6,0,2,0,180,265,0,6,0,0,нет
2025-05-29 17:58:30,16,0,0,9,0,8,0,3,0,244,313,0,5,0,0,нет
2025-05-29 17:58:31,5,0,0,5,0,5,0,1,0,157,317,0,6,0,0,нет
2025-05-29 17:58:32,8,0,0,8,0,8,0,2,0,195,314,0,6,0,0,нет
2025-05-29 17:58:33,4,0,0,4,0,4,0,1,0,59,55,0,4,0,0,нет
2025-05-29 17:58:34,7,0,0,6,0,6,0,2,0,59,58,0,4,0,0,нет
2025-05-29 17:58:35,8,0,0,5,0,5,0,1,0,245,382,0,3,0,0,нет
2025-05-29 17:58:36,8,0,0,8,0,7,0,4,0,106,139,0,4,0,0,нет
2025-05-29 17:58:37,5,0,0,5,0,5,0,1,0,246,468,0,3,0,0,нет
2025-05-29 17:58:38,4,0,0,4,0,4,0,1,0,59,55,0,3,0,0,нет
2025-05-29 17:58:39,12,0,0,8,0,8,0,2,0,204,275,0,3,0,0,нет
2025-05-29 17:58:40,12,4,0,7,2,7,2,2,2,265,330,376,4,0,0,нет
2025-05-29 17:58:41,12,0,0,7,0,7,0,2,0,240,330,0,3,0,0,нет
2025-05-29 17:58:42,6,0,0,6,0,6,0,2,0,164,275,0,4,0,0,нет
2025-05-29 17:58:43,3,0,0,3,0,3,0,1,0,132,273,0,3,0,0,нет
2025-05-29 17:58:44,8,0,0,7,0,7,0,2,0,203,310,0,3,0,0,нет
2025-05-29 17:58:45,3,0,0,3,0,3,0,1,0,59,55,0,2,0,0,нет
2025-05-29 17:58:46,8,0,0,8,0,7,0,4,0,106,139,0,4,0,0,нет
2025-05-29 17:58:47,29,0,0,11,0,8,0,5,0,119,131,0,6,0,0,нет
2025-05-29 17:58:48,15,0,0,7,0,6,0,3,0,94,107,0,5,0,0,нет
2025-05-29 17:58:49,12,0,0,7,0,7,0,2,0,240,330,0,3,0,0,нет
2025-05-29 17:58:50,12,0,0,6,0,6,0,2,0,134,170,0,4,0,0,нет
2025-05-29 17:58:51,49,43,0,13,3,11,3,6,2,602,569,789,8,0,0,нет
2025-05-29 17:58:52,14,11,0,8,1,8,1,2,1,406,494,482,7,0,0,нет
2025-05-29 17:58:53,13,24,0,7,4,7,4,2,3,375,410,603,8,0,0,нет
2025-05-29 17:58:54,41,4,0,10,2,9,2,3,1,264,309,107,6,4,37,студент
2025-05-29 17:58:55,17,11,0,6,5,6,3,2,5,140,187,110,5,11,39,студент
2025-05-29 17:58:56,12,1,0,6,1,6,1,1,1,417,621,101,5,1,41,студент
2025-05-29 17:58:57,9,9,0,8,2,7,2,3,2,456,161,1014,6,0,0,нет
2025-05-29 17:58:58,22,8,0,9,2,8,2,3,2,265,347,192,6,0,0,нет
2025-05-29 17:58:59,16,0,0,8,0,8,0,2,0,296,384,0,3,0,0,нет
2025-05-29 17:59:00,10,0,0,6,0,6,0,2,0,181,253,0,3,0,0,нет
2025-05-29 17:59:01,7,0,0,6,0,6,0,1,0,260,429,0,4,0,0,нет
2025-05-29 17:59:02,5,0,0,5,0,5,0,2,0,59,57,0,4,0,0,нет
2025-05-29 17:59:03,23,0,0,8,0,8,0,2,0,355,432,0,5,0,0,нет
2025-05-29 17:59:04,5,0,0,5,0,5,0,1,0,118,186,0,3,0,0,нет
2025-05-29 17:59:05,2799,10,0,15,2,11,2,6,2,810,811,931,8,0,0,нет
2025-05-29 17:59:06,13092,8,0,22,2,14,2,10,2,932,933,246,9,0,0,нет
2025-05-29 17:59:07,5915,1,0,22,1,14,1,10,1,924,926,60,10,0,0,нет
2025-05-29 17:59:08,12,0,0,8,0,8,0,2,0,204,275,0,4,0,0,нет
2025-05-29 17:59:09,7,0,0,5,0,5,0,1,0,209,336,0,4,0,0,нет
2025-05-29 17:59:10,29,0,0,13,0,10,0,5,0,108,117,0,8,0,0,нет
2025-05-29 17:59:11,13,0,0,9,0,9,0,2,0,124,176,0,5,0,0,нет
2025-05-29 17:59:12,6,0,0,6,0,6,0,2,0,59,56,0,4,0,0,нет
2025-05-29 17:59:13,428,0,0,11,0,9,0,4,0,846,857,0,5,0,0,нет
2025-05-29 17:59:14,333,0,0,6,0,6,0,2,0,1018,1035,0,4,0,0,нет
2025-05-29 17:59:15,4,0,0,4,0,4,0,1,0,124,219,0,3,0,0,нет
2025-05-29 17:59:16,19,0,0,8,0,7,0,3,0,88,97,0,4,0,0,нет
2025-05-29 17:59:17,4,0,0,4,0,4,0,1,0,91,55,0,3,0,0,нет
2025-05-29 17:59:18,30,0,0,12,0,10,0,4,0,236,271,0,4,0,0,нет
2025-05-29 17:59:19,10,0,0,7,0,7,0,2,0,181,253,0,3,0,0,нет
2025-05-29 17:59:20,6,0,0,5,0,5,0,1,0,277,492,0,3,0,0,нет
2025-05-29 17:59:21,19,0,0,7,0,6,0,3,0,91,100,0,5,0,0,нет
2025-05-29 17:59:22,6,11,0,6,1,6,1,2,1,318,275,482,6,0,0,нет
2025-05-29 17:59:23,5,11,0,4,1,4,1,1,1,330,317,482,4,0,0,нет
2025-05-29 17:59:24,6,0,0,6,0,6,0,2,0,122,183,0,4,0,0,нет
2025-05-29 17:59:25,1787,0,0,9,0,7,0,4,0,864,867,0,5,0,0,нет
2025-05-29 17:59:26,5,0,0,3,0,3,0,1,0,152,448,0,3,0,0,нет
2025-05-29 17:59:27,12,0,0,7,0,6,0,3,0,175,232,0,4,0,0,нет
2025-05-29 17:59:28,7,0,0,5,0,5,0,1,0,260,429,0,4,0,0,нет
2025-05-29 17:59:29,6,0,0,5,0,5,0,1,0,167,273,0,4,0,0,нет
2025-05-29 17:59:30,16,0,0,8,0,8,0,2,0,171,213,0,5,0,0,нет
2025-05-29 17:59:31,4,0,0,4,0,4,0,1,0,62,55,0,5,0,0,нет
2025-05-29 17:59:32,15,0,0,9,0,8,0,3,0,150,188,0,5,0,0,нет
2025-05-29 17:59:33,5,0,0,4,0,4,0,1,0,178,317,0,3,0,0,нет
2025-05-29 17:59:34,3,0,0,3,0,3,0,1,0,58,55,0,4,0,0,нет
2025-05-29 17:59:35,8,0,0,7,0,7,0,2,0,157,229,0,4,0,0,нет
2025-05-29 17:59:36,307,0,0,8,0,7,0,3,0,883,899,0,5,0,0,нет
2025-05-29 17:59:37,20,0,0,10,0,9,0,3,0,227,286,0,5,0,0,нет
2025-05-29 17:59:38,6,0,0,5,0,5,0,1,0,210,383,0,3,0,0,нет
2025-05-29 17:59:39,9,0,0,5,0,5,0,2,0,222,348,0,4,0,0,нет
2025-05-29 17:59:40,609,15,0,26,3,16,3,12,2,442,436,870,11,0,0,нет
2025-05-29 17:59:41,2071,6,0,47,3,26,3,23,2,695,696,902,14,0,0,нет
2025-05-29 17:59:42,1621,0,0,19,0,13,0,8,0,841,844,0,8,0,0,нет
2025-05-29 17:59:43,4,2,0,4,1,4,1,1,1,319,219,1294,5,0,0,нет
2025-05-29 17:59:44,4,0,0,3,0,3,0,1,0,59,54,0,3,0,0,нет
2025-05-29 17:59:45,3,2,0,3,1,3,1,1,1,291,82,1294,5,0,0,нет
2025-05-29 17:59:46,207,0,0,7,0,6,0,3,0,848,871,0,5,0,0,нет
2025-05-29 17:59:47,10,0,0,6,0,6,0,2,0,158,215,0,4,0,0,нет
2025-05-29 17:59:48,10,0,0,6,0,6,0,2,0,115,147,0,4,0,0,нет
2025-05-29 17:59:49,4,0,0,4,0,4,0,1,0,59,55,0,3,0,0,нет
2025-05-29 17:59:50,8,0,0,6,0,6,0,2,0,63,65,0,4,0,0,нет
2025-05-29 17:59:51,9,0,0,6,0,6,0,2,0,102,130,0,4,0,0,нет
2025-05-29 17:59:52,8,11,0,6,1,6,1,2,1,323,302,482,7,0,0,нет
2025-05-29 17:59:53,3,11,0,3,1,3,1,1,1,292,55,482,5,0,0,нет
2025-05-29 17:59:54,50,0,0,8,0,7,0,3,0,275,301,0,6,0,0,нет
2025-05-29 17:59:55,8,0,0,5,0,5,0,2,0,177,264,0,4,0,0,нет
2025-05-29 17:59:56,558,4,0,15,0,11,3,6,3,764,775,237,8,4,29,нет
2025-05-29 17:59:57,29,0,0,5,0,5,0,2,0,388,464,0,4,0,0,нет
2025-05-29 17:59:58,8,0,0,7,0,6,0,3,0,152,220,0,5,0,0,нет
2025-05-29 17:59:59,1,0,0,1,0,1,0,1,0,154,711,0,2,0,0,нет
2025-05-29 18:00:00,2,0,0,2,0,2,0,2,0,76,103,0,2,0,0,нет
2025-05-29 18:00:01,777,2,0,9,0,7,2,4,2,954,963,199,5,2,29,нет
2025-05-29 18:00:02,22,0,0,5,0,4,0,3,0,124,141,0,4,0,0,нет
2025-05-29 18:00:03,1,0,0,1,0,1,0,1,0,61,55,0,2,0,0,нет
2025-05-29 18:00:04,2211,0,0,7,0,5,0,4,0,814,816,0,5,0,0,нет
2025-05-29 18:00:05,8712,2,0,9,2,6,2,5,2,952,953,86,7,0,0,нет
2025-05-29 18:00:06,15,0,0,5,0,5,0,2,0,177,223,0,3,0,0,нет
2025-05-29 18:00:07,8,2,0,5,2,5,2,2,2,125,182,86,5,0,0,нет
2025-05-29 18:00:08,8649,1,0,9,1,7,1,4,1,914,915,60,7,0,0,нет
2025-05-29 18:00:09,10717,0,0,5,0,5,0,2,0,953,954,0,3,0,0,нет
2025-05-29 18:00:10,3,0,0,3,0,3,0,1,0,59,55,0,2,0,0,нет
2025-05-29 18:00:11,9,0,0,5,0,5,0,2,0,190,275,0,3,0,0,нет
2025-05-29 18:00:12,54,15,0,11,2,8,2,5,2,315,245,670,8,0,0,нет
2025-05-29 18:00:13,10940,4,0,11,2,8,2,5,2,919,920,171,8,0,0,нет
2025-05-29 18:00:14,4624,0,0,4,0,4,0,2,0,943,944,0,3,0,0,нет
2025-05-29 18:00:15,9,0,0,5,0,5,0,2,0,190,275,0,3,0,0,нет
2025-05-29 18:00:16,9,0,0,4,0,4,0,2,0,277,421,0,3,0,0,нет
2025-05-29 18:00:17,5756,0,0,5,0,4,0,3,0,930,931,0,4,0,0,нет
2025-05-29 18:00:18,3781,0,0,4,0,4,0,2,0,960,961,0,3,0,0,нет
2025-05-29 18:00:19,10,0,0,2,0,2,0,2,0,133,176,0,2,0,0,нет
2025-05-29 18:00:20,3,0,0,3,0,3,0,1,0,278,711,0,2,0,0,нет
2025-05-29 18:00:21,1,0,0,1,0,1,0,1,0,61,55,0,2,0,0,нет
2025-05-29 18:00:22,3,11,0,3,1,3,1,2,1,284,58,482,5,0,0,нет
2025-05-29 18:00:23,1,11,0,1,1,1,1,1,1,318,55,482,4,0,0,нет
2025-05-29 18:00:24,1,0,0,1,0,1,0,1,0,61,55,0,2,0,0,нет
2025-05-29 18:00:25,4,0,0,3,0,3,0,1,0,190,383,0,2,0,0,нет
2025-05-29 18:00:26,3,0,0,3,0,3,0,1,0,59,55,0,2,0,0,нет
2025-05-29 18:00:27,3,0,0,3,0,3,0,1,0,59,55,0,2,0,0,нет
2025-05-29 18:00:28,3,0,0,3,0,3,0,1,0,59,55,0,2,0,0,нет
2025-05-29 18:00:29,3,0,0,3,0,3,0,1,0,59,55,0,2,0,0,нет
2025-05-29 18:00:30,10,0,0,5,0,5,0,2,0,174,253,0,3,0,0,нет
2025-05-29 18:00:31,3,0,0,3,0,3,0,1,0,132,273,0,3,0,0,нет
2025-05-29 18:00:32,9,0,0,7,0,6,0,3,0,152,212,0,5,0,0,нет
2025-05-29 18:00:33,2,0,0,2,0,2,0,1,0,76,55,0,2,0,0,нет
2025-05-29 18:00:34,7,0,0,4,0,4,0,2,0,110,151,0,3,0,0,нет
2025-05-29 18:00:35,5,0,0,3,0,3,0,1,0,237,448,0,3,0,0,нет
2025-05-29 18:00:36,1,0,0,1,0,1,0,1,0,154,711,0,2,0,0,нет
2025-05-29 18:00:37,1,0,0,1,0,1,0,1,0,142,711,0,4,0,0,нет
2025-05-29 18:00:38,700,0,0,4,0,3,0,3,0,835,847,0,5,0,0,нет
2025-05-29 18:00:39,67,0,0,12,0,8,0,6,0,656,709,0,6,0,0,нет
2025-05-29 18:00:40,7,0,0,4,0,4,0,2,0,69,75,0,4,0,0,нет
2025-05-29 18:00:41,13,0,0,5,0,4,0,3,0,71,75,0,4,0,0,нет
2025-05-29 18:00:42,3,0,0,3,0,3,0,2,0,60,58,0,3,0,0,нет
2025-05-29 18:00:43,1,0,0,1,0,1,0,1,0,61,55,0,2,0,0,нет
2025-05-29 18:00:44,13,0,0,4,0,4,0,2,0,156,199,0,3,0,0,нет
2025-05-29 18:00:45,2,0,0,2,0,2,0,1,0,58,55,0,3,0,0,нет
2025-05-29 18:00:46,2,0,0,2,0,2,0,1,0,58,55,0,3,0,0,нет
2025-05-29 18:00:47,2,0,0,2,0,2,0,1,0,66,55,0,2,0,0,нет
2025-05-29 18:00:48,5,0,0,4,0,4,0,2,0,65,70,0,3,0,0,нет
2025-05-29 18:00:49,8,0,0,4,0,4,0,2,0,130,221,0,3,0,0,нет
2025-05-29 18:00:50,3,0,0,2,0,2,0,1,0,205,492,0,3,0,0,нет
2025-05-29 18:00:51,2,0,0,2,0,2,0,1,0,142,383,0,3,0,0,нет
2025-05-29 18:00:52,5,11,0,3,1,3,1,2,1,271,58,482,5,0,0,нет
2025-05-29 18:00:53,1,11,0,1,1,1,1,1,1,318,55,482,4,0,0,нет
2025-05-29 18:00:54,8,0,0,4,0,4,0,2,0,246,385,0,3,0,0,нет
2025-05-29 18:00:55,5,0,0,3,0,3,0,2,0,131,213,0,3,0,0,нет
2025-05-29 18:00:56,1,18,0,1,2,1,2,1,2,441,711,552,3,0,0,нет
2025-05-29 18:00:57,1011,12,12,18,0,11,7,11,7,784,795,232,10,12,15,нет
2025-05-29 18:00:58,26,0,0,7,0,5,0,4,0,211,246,0,5,0,0,нет
2025-05-29 18:00:59,205,0,0,3,0,3,0,2,0,875,899,0,3,0,0,нет
2025-05-29 18:01:00,1,0,0,1,0,1,0,1,0,61,55,0,2,0,0,нет
2025-05-29 18:01:01,1,0,0,1,0,1,0,1,0,61,55,0,2,0,0,нет
2025-05-29 18:01:02,13,17,0,5,2,4,2,3,2,360,149,627,5,0,0,нет
2025-05-29 18:01:03,5,0,0,4,0,4,0,2,0,125,201,0,3,0,0,нет
2025-05-29 18:01:04,5,0,0,4,0,4,0,2,0,65,70,0,3,0,0,нет
2025-05-29 18:01:05,2,0,0,2,0,2,0,1,0,60,55,0,2,0,0,нет
2025-05-29 18:01:06,6,0,0,5,0,5,0,2,0,72,83,0,4,0,0,нет
2025-05-29 18:01:07,315,0,0,6,0,5,0,3,0,827,875,0,4,0,0,нет
2025-05-29 18:01:08,3,1,0,2,1,2,1,1,1,59,54,60,4,0,0,нет
2025-05-29 18:01:09,1,0,0,1,0,1,0,1,0,61,55,0,2,0,0,нет
2025-05-29 18:01:10,1,0,0,1,0,1,0,1,0,61,55,0,2,0,0,нет
2025-05-29 18:01:11,1,0,0,1,0,1,0,1,0,61,55,0,2,0,0,нет
2025-05-29 18:01:12,50,0,0,11,0,7,0,6,0,269,296,0,7,0,0,нет
2025-05-29 18:01:13,20,0,0,7,0,5,0,4,0,141,164,0,5,0,0,нет
2025-05-29 18:01:14,1,0,0,1,0,1,0,1,0,154,711,0,2,0,0,нет
2025-05-29 18:01:15,1,0,0,1,0,1,0,1,0,154,711,0,2,0,0,нет
2025-05-29 18:01:16,0,0,0,0,0,0,0,0,0,62,0,0,0,0,0,нет
2025-05-29 18:01:17,0,0,0,0,0,0,0,0,0,109,0,0,0,0,0,нет
2025-05-29 18:01:18,149,0,0,3,0,3,0,2,0,900,946,0,3,0,0,нет
2025-05-29 18:01:19,0,0,0,0,0,0,0,0,0,62,0,0,0,0,0,нет
2025-05-29 18:01:20,0,0,0,0,0,0,0,0,0,62,0,0,0,0,0,нет
2025-05-29 18:01:21,0,0,0,0,0,0,0,0,0,62,0,0,0,0,0,нет
2025-05-29 18:01:22,3,11,0,3,1,3,1,2,1,325,277,482,5,0,0,нет
2025-05-29 18:01:23,1,11,0,1,1,1,1,1,1,318,55,482,4,0,0,нет
2025-05-29 18:01:24,1,0,0,1,0,1,0,1,0,61,55,0,2,0,0,нет
2025-05-29 18:01:25,1,0,0,1,0,1,0,1,0,61,55,0,2,0,0,нет
2025-05-29 18:01:26,1,0,0,1,0,1,0,1,0,61,55,0,2,0,0,нет
2025-05-29 18:01:27,1,0,0,1,0,1,0,1,0,61,55,0,2,0,0,нет
2025-05-29 18:01:28,46,0,0,9,0,7,0,6,0,207,226,0,6,0,0,нет
2025-05-29 18:01:29,7,0,0,3,0,3,0,2,0,75,88,0,3,0,0,нет
2025-05-29 18:01:30,1,0,0,1,0,1,0,1,0,61,55,0,2,0,0,нет
2025-05-29 18:01:31,4,0,0,3,0,3,0,2,0,72,87,0,3,0,0,нет
2025-05-29 18:01:32,22,0,0,7,0,5,0,4,0,162,189,0,6,0,0,нет
2025-05-29 18:01:33,3,0,0,2,0,2,0,2,0,206,496,0,3,0,0,нет
2025-05-29 18:01:34,1,0,0,1,0,1,0,1,0,154,711,0,2,0,0,нет
2025-05-29 18:01:35,0,0,0,0,0,0,0,0,0,62,0,0,0,0,0,нет
2025-05-29 18:01:36,0,0,0,0,0,0,0,0,0,62,0,0,0,0,0,нет
2025-05-29 18:01:37,8,0,0,6,0,5,0,3,0,114,168,0,5,0,0,нет
2025-05-29 18:01:38,8,0,0,6,0,4,0,4,0,69,77,0,5,0,0,нет
2025-05-29 18:01:39,5,0,0,3,0,2,0,3,0,71,83,0,3,0,0,нет
2025-05-29 18:01:40,178,0,0,3,0,2,0,3,0,837,939,0,3,0,0,нет
2025-05-29 18:01:41,0,0,0,0,0,0,0,0,0,62,0,0,0,0,0,нет
2025-05-29 18:01:42,9,0,0,3,0,3,0,2,0,106,136,0,3,0,0,нет
2025-05-29 18:01:43,3,0,0,3,0,3,0,2,0,60,58,0,3,0,0,нет
2025-05-29 18:01:44,1,0,0,1,0,1,0,1,0,61,55,0,2,0,0,нет
2025-05-29 18:01:45,1,0,0,1,0,1,0,1,0,65,55,0,2,0,0,нет
2025-05-29 18:01:46,1,0,0,1,0,1,0,1,0,60,55,0,4,0,0,нет
2025-05-29 18:01:47,1,0,0,1,0,1,0,1,0,59,55,0,3,0,0,нет
2025-05-29 18:01:48,1,0,0,1,0,1,0,1,0,59,55,0,3,0,0,нет
2025-05-29 18:01:49,1,0,0,1,0,1,0,1,0,61,55,0,2,0,0,нет
2025-05-29 18:01:50,1,0,0,1,0,1,0,1,0,61,55,0,2,0,0,нет
2025-05-29 18:01:51,2,0,0,1,0,1,0,1,0,58,54,0,3,0,0,нет
2025-05-29 18:01:52,0,0,0,0,0,0,0,0,0,62,0,0,0,0,0,нет
2025-05-29 18:01:53,7,22,0,4,1,3,1,3,1,321,76,482,6,0,0,нет
2025-05-29 18:01:54,0,0,0,0,0,0,0,0,0,62,0,0,0,0,0,нет
2025-05-29 18:01:55,0,0,0,0,0,0,0,0,0,62,0,0,0,0,0,нет
2025-05-29 18:01:56,8,0,0,4,0,3,0,3,0,71,78,0,3,0,0,нет
2025-05-29 18:01:57,14,0,0,8,0,6,0,6,0,62,62,0,5,0,0,нет
2025-05-29 18:01:58,0,0,0,0,0,0,0,0,0,62,0,0,0,0,0,нет
2025-05-29 18:01:59,0,0,0,0,0,0,0,0,0,62,0,0,0,0,0,нет
2025-05-29 18:02:00,0,0,0,0,0,0,0,0,0,62,0,0,0,0,0,нет
2025-05-29 18:02:01,3,0,0,2,0,2,0,2,0,68,80,0,2,0,0,нет
2025-05-29 18:02:02,5,0,0,4,0,3,0,3,0,77,87,0,2,0,0,нет
2025-05-29 18:02:03,1609,0,0,8,0,5,0,5,0,855,858,0,5,0,0,нет
2025-05-29 18:02:04,529,0,0,6,0,4,0,4,0,777,785,0,4,0,0,нет
2025-05-29 18:02:05,25,0,0,3,0,3,0,2,0,629,765,0,3,0,0,нет
2025-05-29 18:02:06,0,2,0,0,2,0,2,0,2,68,0,86,2,0,0,нет
2025-05-29 18:02:07,0,0,0,0,0,0,0,0,0,62,0,0,0,0,0,нет
2025-05-29 18:02:08,10,3,0,2,3,2,3,2,3,125,177,77,5,0,0,нет
2025-05-29 18:02:09,0,0,0,0,0,0,0,0,0,62,0,0,0,0,0,нет
2025-05-29 18:02:10,0,2,0,0,1,0,1,0,1,105,0,236,2,0,0,нет
2025-05-29 18:02:11,6,2,0,4,1,3,1,3,1,94,80,236,5,0,0,нет
2025-05-29 18:02:12,9,0,0,2,0,2,0,2,0,64,66,0,2,0,0,нет
2025-05-29 18:02:13,2,2,0,2,1,2,1,2,1,90,60,236,4,0,0,нет
2025-05-29 18:02:14,0,0,0,0,0,0,0,0,0,62,0,0,0,0,0,нет
2025-05-29 18:02:15,0,0,0,0,0,0,0,0,0,62,0,0,0,0,0,нет
2025-05-29 18:02:16,2,0,0,2,0,2,0,2,0,71,101,0,2,0,0,нет
2025-05-29 18:02:17,291,2,0,4,1,3,1,3,1,901,927,236,5,0,0,нет
2025-05-29 18:02:18,0,0,0,0,0,0,0,0,0,62,0,0,0,0,0,нет
2025-05-29 18:02:19,0,0,0,0,0,0,0,0,0,62,0,0,0,0,0,нет
2025-05-29 18:02:20,147,0,0,4,0,3,0,3,0,810,841,0,3,0,0,нет
2025-05-29 18:02:21,47,0,0,2,0,2,0,2,0,835,934,0,2,0,0,нет
2025-05-29 18:02:22,10,0,0,2,0,2,0,2,0,134,177,0,2,0,0,нет
2025-05-29 18:02:23,58,22,0,4,1,3,1,3,1,729,891,482,5,0,0,нет
2025-05-29 18:02:24,1985,0,0,4,0,3,0,3,0,935,938,0,3,0,0,нет
2025-05-29 18:02:25,0,0,0,0,0,0,0,0,0,61,0,0,0,0,0,нет
2025-05-29 18:02:26,421,0,0,4,0,3,0,3,0,710,720,0,3,0,0,нет
2025-05-29 18:02:27,1387,0,0,4,0,3,0,3,0,895,899,0,3,0,0,нет
2025-05-29 18:02:28,0,0,0,0,0,0,0,0,0,62,0,0,0,0,0,нет
2025-05-29 18:02:29,12,0,0,4,0,3,0,3,0,137,175,0,3,0,0,нет
2025-05-29 18:02:30,3966,0,0,6,0,4,0,4,0,877,878,0,4,0,0,нет
2025-05-29 18:02:31,22,0,0,6,0,4,0,4,0,64,67,0,4,0,0,нет
2025-05-29 18:02:32,9,0,0,2,0,2,0,2,0,66,70,0,2,0,0,нет
2025-05-29 18:02:33,1963,0,0,8,0,5,0,5,0,846,849,0,5,0,0,нет
2025-05-29 18:02:34,815,0,0,6,0,4,0,4,0,839,844,0,4,0,0,нет
2025-05-29 18:02:35,33,0,0,4,0,3,0,3,0,539,626,0,3,0,0,нет
2025-05-29 18:02:36,2,0,0,2,0,2,0,2,0,70,97,0,2,0,0,нет
2025-05-29 18:02:37,309,0,0,4,0,3,0,3,0,909,926,0,3,0,0,нет
2025-05-29 18:02:38,0,0,0,0,0,0,0,0,0,62,0,0,0,0,0,нет
2025-05-29 18:02:39,1,0,0,1,0,1,0,1,0,71,142,0,2,0,0,нет
2025-05-29 18:02:40,299,0,0,4,0,3,0,3,0,917,934,0,3,0,0,нет
2025-05-29 18:02:41,0,0,0,0,0,0,0,0,0,62,0,0,0,0,0,нет
2025-05-29 18:02:42,10,0,0,2,0,2,0,2,0,134,177,0,2,0,0,нет
2025-05-29 18:02:43,2,0,0,2,0,2,0,2,0,61,60,0,2,0,0,нет
2025-05-29 18:02:44,0,0,0,0,0,0,0,0,0,61,0,0,0,0,0,нет
2025-05-29 18:02:45,894,0,0,4,0,3,0,3,0,823,828,0,3,0,0,нет
2025-05-29 18:02:46,345,0,0,2,0,2,0,2,0,871,885,0,2,0,0,нет
2025-05-29 18:02:47,0,0,0,0,0,0,0,0,0,78,0,0,0,0,0,нет
2025-05-29 18:02:48,0,0,0,0,0,0,0,0,0,62,0,0,0,0,0,нет
2025-05-29 18:02:49,0,0,0,0,0,0,0,0,0,62,0,0,0,0,0,нет
2025-05-29 18:02:50,10,0,0,2,0,2,0,2,0,134,177,0,2,0,0,нет
2025-05-29 18:02:51,0,0,0,0,0,0,0,0,0,66,0,0,2,0,0,нет
2025-05-29 18:02:52,0,0,0,0,0,0,0,0,0,67,0,0,2,0,0,нет
2025-05-29 18:02:53,2,22,0,2,1,2,1,2,1,359,60,482,4,0,0,нет
2025-05-29 18:02:54,154,0,0,6,0,4,0,4,0,581,602,0,4,0,0,нет
2025-05-29 18:02:55,2111,0,0,10,0,6,0,6,0,948,951,0,6,0,0,нет
2025-05-29 18:02:56,9,0,0,4,0,3,0,3,0,68,72,0,3,0,0,нет
2025-05-29 18:02:57,0,0,0,0,0,0,0,0,0,62,0,0,0,0,0,нет
2025-05-29 18:02:58,9,0,0,4,0,3,0,3,0,61,63,0,4,0,0,нет
2025-05-29 18:02:59,10,0,0,2,0,2,0,2,0,134,177,0,2,0,0,нет
2025-05-29 18:03:00,2,0,0,2,0,2,0,2,0,72,105,0,2,0,0,нет
2025-05-29 18:03:01,2842,0,0,4,0,3,0,3,0,900,902,0,3,0,0,нет
2025-05-29 18:03:02,0,0,0,0,0,0,0,0,0,62,0,0,0,0,0,нет
2025-05-29 18:03:03,2,0,0,2,0,2,0,2,0,61,60,0,2,0,0,нет
2025-05-29 18:03:04,7,0,0,2,0,2,0,2,0,63,65,0,2,0,0,нет
2025-05-29 18:03:05,0,0,0,0,0,0,0,0,0,62,0,0,0,0,0,нет
2025-05-29 18:03:06,10,17,0,2,2,2,2,2,2,388,177,627,3,0,0,нет
2025-05-29 18:03:07,1,0,0,1,0,1,0,1,0,74,151,0,2,0,0,нет
2025-05-29 18:03:08,594,1,0,4,1,3,1,3,1,934,945,60,5,0,0,нет
2025-05-29 18:03:09,0,0,0,0,0,0,0,0,0,62,0,0,0,0,0,нет
2025-05-29 18:03:10,0,0,0,0,0,0,0,0,0,62,0,0,0,0,0,нет
2025-05-29 18:03:11,0,0,0,0,0,0,0,0,0,62,0,0,0,0,0,нет
2025-05-29 18:03:12,0,0,0,0,0,0,0,0,0,62,0,0,0,0,0,нет
2025-05-29 18:03:13,14,0,0,4,0,3,0,3,0,119,143,0,3,0,0,нет
2025-05-29 18:03:14,0,0,0,0,0,0,0,0,0,62,0,0,0,0,0,нет
2025-05-29 18:03:15,0,0,0,0,0,0,0,0,0,62,0,0,0,0,0,нет
2025-05-29 18:03:16,0,0,0,0,0,0,0,0,0,62,0,0,0,0,0,нет
2025-05-29 18:03:17,0,0,0,0,0,0,0,0,0,110,0,0,0,0,0,нет
2025-05-29 18:03:18,0,0,0,0,0,0,0,0,0,57,0,0,0,0,0,нет
2025-05-29 18:03:19,0,0,0,0,0,0,0,0,0,62,0,0,0,0,0,нет
2025-05-29 18:03:20,0,0,0,0,0,0,0,0,0,78,0,0,0,0,0,нет
2025-05-29 18:03:21,0,0,0,0,0,0,0,0,0,62,0,0,0,0,0,нет
2025-05-29 18:03:22,9,0,0,2,0,2,0,2,0,66,70,0,2,0,0,нет
2025-05-29 18:03:23,2,22,0,2,1,2,1,2,1,369,60,482,4,0,0,нет
2025-05-29 18:03:24,0,0,0,0,0,0,0,0,0,62,0,0,0,0,0,нет
2025-05-29 18:03:25,0,0,0,0,0,0,0,0,0,62,0,0,0,0,0,нет
2025-05-29 18:03:26,3,0,0,2,0,2,0,2,0,69,84,0,2,0,0,нет
2025-05-29 18:03:27,0,0,0,0,0,0,0,0,0,62,0,0,0,0,0,нет
2025-05-29 18:03:28,0,0,0,0,0,0,0,0,0,62,0,0,0,0,0,нет
2025-05-29 18:03:29,2088,0,0,10,0,6,0,6,0,844,846,0,5,0,0,нет
2025-05-29 18:03:30,0,0,0,0,0,0,0,0,0,62,0,0,0,0,0,нет
2025-05-29 18:03:31,2,0,0,2,0,2,0,2,0,77,123,0,2,0,0,нет
2025-05-29 18:03:32,303,0,0,4,0,3,0,3,0,881,897,0,3,0,0,нет
2025-05-29 18:03:33,2,0,0,2,0,2,0,2,0,61,60,0,2,0,0,нет
2025-05-29 18:03:34,14,0,0,4,0,3,0,3,0,125,152,0,3,0,0,нет
2025-05-29 18:03:35,0,0,0,0,0,0,0,0,0,62,0,0,0,0,0,нет
2025-05-29 18:03:36,0,0,0,0,0,0,0,0,0,62,0,0,0,0,0,нет
2025-05-29 18:03:37,0,0,0,0,0,0,0,0,0,62,0,0,0,0,0,нет
2025-05-29 18:03:38,0,0,0,0,0,0,0,0,0,62,0,0,0,0,0,нет
2025-05-29 18:03:39,0,0,0,0,0,0,0,0,0,61,0,0,0,0,0,нет
2025-05-29 18:03:40,2305,0,0,4,0,3,0,3,0,880,882,0,3,0,0,нет
2025-05-29 18:03:41,47,0,0,2,0,2,0,2,0,835,933,0,2,0,0,нет
2025-05-29 18:03:42,0,0,0,0,0,0,0,0,0,70,0,0,0,0,0,нет
2025-05-29 18:03:43,2,0,0,2,0,2,0,2,0,61,60,0,2,0,0,нет
2025-05-29 18:03:44,0,0,0,0,0,0,0,0,0,62,0,0,0,0,0,нет
2025-05-29 18:03:45,10,0,0,2,0,2,0,2,0,134,177,0,2,0,0,нет
2025-05-29 18:03:46,0,0,0,0,0,0,0,0,0,62,0,0,0,0,0,нет
2025-05-29 18:03:47,0,0,0,0,0,0,0,0,0,62,0,0,0,0,0,нет
2025-05-29 18:03:48,14,0,0,4,0,3,0,3,0,65,67,0,3,0,0,нет
2025-05-29 18:03:49,7,0,0,2,0,2,0,2,0,65,67,0,2,0,0,нет
2025-05-29 18:03:50,0,0,0,0,0,0,0,0,0,62,0,0,0,0,0,нет
2025-05-29 18:03:51,0,0,0,0,0,0,0,0,0,62,0,0,0,0,0,нет
2025-05-29 18:03:52,0,0,0,0,0,0,0,0,0,62,0,0,0,0,0,нет
2025-05-29 18:03:53,4,22,0,2,1,2,1,2,1,265,58,482,5,0,0,нет
2025-05-29 18:03:54,0,0,0,0,0,0,0,0,0,62,0,0,0,0,0,нет
2025-05-29 18:03:55,0,0,0,0,0,0,0,0,0,62,0,0,0,0,0,нет
2025-05-29 18:03:56,0,0,0,0,0,0,0,0,0,59,0,0,2,0,0,нет
2025-05-29 18:03:57,2,0,0,2,0,2,0,2,0,57,57,0,4,0,0,нет
2025-05-29 18:03:58,0,0,0,0,0,0,0,0,0,67,0,0,0,0,0,нет
2025-05-29 18:03:59,0,0,0,0,0,0,0,0,0,62,0,0,0,0,0,нет
2025-05-29 18:04:00,0,0,0,0,0,0,0,0,0,59,0,0,2,0,0,нет
2025-05-29 18:04:01,0,0,0,0,0,0,0,0,0,62,0,0,0,0,0,нет
2025-05-29 18:04:02,2526,0,0,4,0,3,0,3,0,888,890,0,3,0,0,нет
2025-05-29 18:04:03,12272,0,0,12,0,7,0,7,0,934,935,0,7,0,0,нет
2025-05-29 18:04:04,4678,0,0,2,0,2,0,2,0,945,947,0,2,0,0,нет
2025-05-29 18:04:05,0,0,0,0,0,0,0,0,0,62,0,0,0,0,0,нет
2025-05-29 18:04:06,0,0,0,0,0,0,0,0,0,62,0,0,0,0,0,нет
2025-05-29 18:04:07,4,2,0,2,2,2,2,2,2,119,293,86,4,0,0,нет
2025-05-29 18:04:08,6,0,0,2,0,2,0,2,0,81,101,0,2,0,0,нет
2025-05-29 18:04:09,0,3,0,0,3,0,3,0,3,67,0,77,3,0,0,нет
2025-05-29 18:04:10,0,0,0,0,0,0,0,0,0,62,0,0,0,0,0,нет
2025-05-29 18:04:11,0,0,0,0,0,0,0,0,0,62,0,0,0,0,0,нет
2025-05-29 18:04:12,0,0,0,0,0,0,0,0,0,62,0,0,0,0,0,нет
2025-05-29 18:04:13,2,0,0,2,0,2,0,2,0,61,60,0,2,0,0,нет
2025-05-29 18:04:14,0,0,0,0,0,0,0,0,0,62,0,0,0,0,0,нет
2025-05-29 18:04:15,0,0,0,0,0,0,0,0,0,62,0,0,0,0,0,нет
2025-05-29 18:04:16,0,0,0,0,0,0,0,0,0,62,0,0,0,0,0,нет
2025-05-29 18:04:17,0,0,0,0,0,0,0,0,0,109,0,0,0,0,0,нет
2025-05-29 18:04:18,0,0,0,0,0,0,0,0,0,62,0,0,0,0,0,нет
2025-05-29 18:04:19,8,0,0,4,0,3,0,3,0,133,187,0,3,0,0,нет
2025-05-29 18:04:20,455,0,0,6,0,4,0,4,0,910,921,0,4,0,0,нет
2025-05-29 18:04:21,0,0,0,0,0,0,0,0,0,62,0,0,0,0,0,нет
2025-05-29 18:04:22,8,0,0,2,0,2,0,2,0,150,216,0,2,0,0,нет
2025-05-29 18:04:23,11,22,0,4,1,3,1,3,1,336,194,482,5,0,0,нет
2025-05-29 18:04:24,0,0,0,0,0,0,0,0,0,62,0,0,0,0,0,нет
2025-05-29 18:04:25,17,0,0,4,0,3,0,3,0,175,215,0,3,0,0,нет
2025-05-29 18:04:26,0,0,0,0,0,0,0,0,0,62,0,0,0,0,0,нет
2025-05-29 18:04:27,0,0,0,0,0,0,0,0,0,78,0,0,0,0,0,нет
2025-05-29 18:04:28,14,0,0,6,0,4,0,4,0,140,173,0,2,0,0,нет
2025-05-29 18:04:29,0,0,0,0,0,0,0,0,0,62,0,0,0,0,0,нет
2025-05-29 18:04:30,0,0,0,0,0,0,0,0,0,62,0,0,0,0,0,нет
2025-05-29 18:04:31,0,0,0,0,0,0,0,0,0,62,0,0,0,0,0,нет
2025-05-29 18:04:32,18,0,0,4,0,3,0,3,0,245,314,0,3,0,0,нет
2025-05-29 18:04:33,1,0,0,1,0,1,0,1,0,61,55,0,2,0,0,нет
2025-05-29 18:04:34,1,0,0,1,0,1,0,1,0,62,66,0,2,0,0,нет
2025-05-29 18:04:35,0,0,0,0,0,0,0,0,0,62,0,0,0,0,0,нет
2025-05-29 18:04:36,0,0,0,0,0,0,0,0,0,62,0,0,0,0,0,нет
2025-05-29 18:04:37,0,0,0,0,0,0,0,0,0,62,0,0,0,0,0,нет
2025-05-29 18:04:38,0,0,0,0,0,0,0,0,0,61,0,0,0,0,0,нет
2025-05-29 18:04:39,0,0,0,0,0,0,0,0,0,62,0,0,0,0,0,нет
2025-05-29 18:04:40,0,0,0,0,0,0,0,0,0,62,0,0,0,0,0,нет
2025-05-29 18:04:41,2,0,0,2,0,2,0,2,0,71,100,0,2,0,0,нет
2025-05-29 18:04:42,47,0,0,2,0,2,0,2,0,835,934,0,2,0,0,нет
2025-05-29 18:04:43,0,0,0,0,0,0,0,0,0,62,0,0,0,0,0,нет
2025-05-29 18:04:44,2,0,0,2,0,2,0,2,0,61,60,0,2,0,0,нет
2025-05-29 18:04:45,0,0,0,0,0,0,0,0,0,62,0,0,0,0,0,нет
2025-05-29 18:04:46,0,0,0,0,0,0,0,0,0,62,0,0,0,0,0,нет
2025-05-29 18:04:47,0,0,0,0,0,0,0,0,0,62,0,0,0,0,0,нет
2025-05-29 18:04:48,0,0,0,0,0,0,0,0,0,62,0,0,0,0,0,нет
2025-05-29 18:04:49,0,0,0,0,0,0,0,0,0,62,0,0,0,0,0,нет
2025-05-29 18:04:50,0,0,0,0,0,0,0,0,0,62,0,0,0,0,0,нет
2025-05-29 18:04:51,0,0,0,0,0,0,0,0,0,62,0,0,0,0,0,нет
2025-05-29 18:04:52,29,4,0,2,2,2,2,2,1,161,189,107,3,4,37,студент
2025-05-29 18:04:53,13,34,0,2,7,2,4,2,6,275,177,350,4,12,39,студент
2025-05-29 18:04:54,2,0,0,2,0,2,0,2,0,61,60,0,2,0,0,нет
2025-05-29 18:04:55,10,0,0,2,0,2,0,2,0,134,178,0,2,0,0,нет
2025-05-29 18:04:56,0,0,0,0,0,0,0,0,0,62,0,0,0,0,0,нет
2025-05-29 18:04:57,1182,95,0,16,10,9,6,9,6,724,730,713,10,0,0,нет
2025-05-29 18:04:58,726,8,0,10,2,6,2,6,2,594,606,214,7,0,0,нет
2025-05-29 18:04:59,6251,26,0,47,3,25,3,24,2,869,869,932,12,0,0,нет
2025-05-29 18:05:00,3413,0,0,26,0,14,0,14,0,747,751,0,14,0,0,нет
2025-05-29 18:05:01,601,0,0,37,0,20,0,19,0,397,401,0,18,0,0,нет
2025-05-29 18:05:02,29,0,0,6,0,4,0,4,0,233,268,0,4,0,0,нет
2025-05-29 18:05:03,43,0,0,7,0,5,0,4,0,440,492,0,4,0,0,нет
2025-05-29 18:05:04,9,0,0,4,0,3,0,3,0,177,253,0,3,0,0,нет
2025-05-29 18:05:05,0,0,0,0,0,0,0,0,0,62,0,0,0,0,0,нет
2025-05-29 18:05:06,9,0,0,4,0,3,0,3,0,210,327,0,4,0,0,нет
2025-05-29 18:05:07,0,0,0,0,0,0,0,0,0,62,0,0,0,0,0,нет
2025-05-29 18:05:08,2,0,0,1,0,1,0,1,0,236,760,0,2,0,0,нет
2025-05-29 18:05:09,1,1,0,1,1,1,1,1,1,60,55,60,4,0,0,нет
2025-05-29 18:05:10,3456,0,0,9,0,6,0,5,0,985,987,0,6,0,0,нет
2025-05-29 18:05:11,978,0,0,33,0,18,0,17,0,870,874,0,15,0,0,нет
2025-05-29 18:05:12,534,0,0,32,0,19,0,15,0,549,554,0,15,0,0,нет
2025-05-29 18:05:13,1483,0,0,23,0,13,0,12,0,851,854,0,12,0,0,нет
2025-05-29 18:05:14,9,0,0,5,0,4,0,3,0,207,304,0,4,0,0,нет
2025-05-29 18:05:15,321,17,0,17,2,10,2,9,2,600,609,627,10,0,0,нет
2025-05-29 18:05:16,1657,0,0,15,0,9,0,8,0,888,891,0,9,0,0,нет
2025-05-29 18:05:17,1,0,0,1,0,1,0,1,0,102,54,0,2,0,0,нет
2025-05-29 18:05:18,23,0,0,6,0,4,0,4,0,82,87,0,4,0,0,нет
2025-05-29 18:05:19,0,0,0,0,0,0,0,0,0,62,0,0,0,0,0,нет
2025-05-29 18:05:20,318,0,0,12,0,7,0,7,0,655,667,0,6,0,0,нет
2025-05-29 18:05:21,6485,0,0,22,0,12,0,12,0,971,972,0,11,0,0,нет
2025-05-29 18:05:22,149,0,0,10,0,6,0,6,0,723,754,0,5,0,0,нет
2025-05-29 18:05:23,13,22,0,4,1,3,1,3,1,344,241,482,5,0,0,нет
2025-05-29 18:05:24,2,0,0,2,0,2,0,2,0,61,60,0,2,0,0,нет
2025-05-29 18:05:25,31,0,0,6,0,4,0,4,0,229,262,0,4,0,0,нет
2025-05-29 18:05:26,6,0,0,4,0,3,0,3,0,71,80,0,2,0,0,нет
2025-05-29 18:05:27,3,0,0,2,0,2,0,2,0,240,598,0,2,0,0,нет
2025-05-29 18:05:28,7,0,0,2,0,2,0,2,0,119,168,0,2,0,0,нет
2025-05-29 18:05:29,0,0,0,0,0,0,0,0,0,62,0,0,0,0,0,нет
2025-05-29 18:05:30,11,0,0,2,0,2,0,2,0,72,78,0,2,0,0,нет
2025-05-29 18:05:31,3,0,0,3,0,3,0,2,0,67,79,0,3,0,0,нет
2025-05-29 18:05:32,6,0,0,5,0,4,0,3,0,180,298,0,4,0,0,нет
2025-05-29 18:05:33,0,0,0,0,0,0,0,0,0,78,0,0,0,0,0,нет
2025-05-29 18:05:34,2,0,0,2,0,2,0,2,0,61,60,0,2,0,0,нет
2025-05-29 18:05:35,1,0,0,1,0,1,0,1,0,69,117,0,2,0,0,нет
2025-05-29 18:05:36,0,0,0,0,0,0,0,0,0,62,0,0,0,0,0,нет
2025-05-29 18:05:37,0,0,0,0,0,0,0,0,0,62,0,0,0,0,0,нет
2025-05-29 18:05:38,0,0,0,0,0,0,0,0,0,62,0,0,0,0,0,нет
2025-05-29 18:05:39,0,0,0,0,0,0,0,0,0,61,0,0,0,0,0,нет
2025-05-29 18:05:40,10,0,0,3,0,3,0,2,0,69,74,0,2,0,0,нет
2025-05-29 18:05:41,25,0,0,8,0,5,0,5,0,69,71,0,5,0,0,нет
2025-05-29 18:05:42,3,0,0,3,0,3,0,2,0,67,79,0,3,0,0,нет
2025-05-29 18:05:43,1,0,0,1,0,1,0,1,0,69,117,0,2,0,0,нет
2025-05-29 18:05:44,2,0,0,2,0,2,0,2,0,61,60,0,2,0,0,нет
2025-05-29 18:05:45,1,0,0,1,0,1,0,1,0,65,117,0,2,0,0,нет
2025-05-29 18:05:46,0,0,0,0,0,0,0,0,0,59,0,0,0,0,0,нет
2025-05-29 18:05:47,0,0,0,0,0,0,0,0,0,70,0,0,0,0,0,нет
2025-05-29 18:05:48,0,0,0,0,0,0,0,0,0,62,0,0,0,0,0,нет
2025-05-29 18:05:49,27,0,0,3,0,3,0,2,0,279,328,0,2,0,0,нет
2025-05-29 18:05:50,5635,0,0,19,0,11,0,10,0,939,940,0,8,0,0,нет
2025-05-29 18:05:51,64,0,0,14,0,8,0,8,0,462,499,0,6,0,0,нет
2025-05-29 18:05:52,3837,0,0,20,0,11,0,11,0,962,964,0,10,0,0,нет
2025-05-29 18:05:53,179,22,0,19,1,11,1,10,1,581,611,482,11,0,0,нет
2025-05-29 18:05:54,5986,0,0,18,0,10,0,10,0,963,964,0,10,0,0,нет
2025-05-29 18:05:55,199,0,0,14,0,8,0,8,0,663,681,0,7,0,0,нет
2025-05-29 18:05:56,2872,0,0,30,0,16,0,16,0,932,935,0,14,0,0,нет
2025-05-29 18:05:57,9379,1031,0,22,2,12,2,12,2,972,980,903,10,0,0,нет
2025-05-29 18:05:58,5246,0,0,22,0,12,0,12,0,1008,1009,0,9,0,0,нет
2025-05-29 18:05:59,98,0,0,16,0,9,0,9,0,373,392,0,8,0,0,нет
2025-05-29 18:06:00,1644,0,0,25,0,14,0,13,0,948,951,0,12,0,0,нет
2025-05-29 18:06:01,184,0,0,17,0,10,0,9,0,669,692,0,11,0,0,нет
2025-05-29 18:06:02,65,0,0,8,0,5,0,5,0,420,459,0,5,0,0,нет
2025-05-29 18:06:03,1115,0,0,34,0,18,0,18,0,704,708,0,14,0,0,нет
2025-05-29 18:06:04,267,0,0,16,0,9,0,9,0,690,704,0,6,0,0,нет
2025-05-29 18:06:05,1081,0,0,22,0,12,0,12,0,840,844,0,11,0,0,нет
2025-05-29 18:06:06,12202,0,0,18,0,10,0,10,0,915,916,0,11,0,0,нет
2025-05-29 18:06:07,13050,0,0,13,0,8,0,7,0,944,945,0,7,0,0,нет
2025-05-29 18:06:08,15204,2,0,13,2,8,2,7,2,829,830,86,10,0,0,нет
2025-05-29 18:06:09,12951,1,0,6,1,4,1,4,1,965,965,60,7,0,0,нет
2025-05-29 18:06:10,12728,2,0,4,2,3,2,3,2,979,980,86,5,0,0,нет
2025-05-29 18:06:11,13850,0,0,8,0,5,0,5,0,895,895,0,5,0,0,нет
2025-05-29 18:06:12,7,0,0,4,0,3,0,3,0,74,77,0,3,0,0,нет
2025-05-29 18:06:13,15,0,0,4,0,3,0,3,0,68,70,0,3,0,0,нет
2025-05-29 18:06:14,6,0,0,4,0,3,0,3,0,70,79,0,3,0,0,нет
2025-05-29 18:06:15,400,0,0,4,0,3,0,3,0,998,1012,0,3,0,0,нет
2025-05-29 18:06:16,324,0,0,12,0,7,0,7,0,788,802,0,5,0,0,нет
2025-05-29 18:06:17,2506,0,0,8,0,5,0,5,0,1003,1006,0,5,0,0,нет
2025-05-29 18:06:18,42,0,0,8,0,5,0,5,0,203,223,0,5,0,0,нет
2025-05-29 18:06:19,0,0,0,0,0,0,0,0,0,62,0,0,0,0,0,нет
2025-05-29 18:06:20,22,0,0,6,0,4,0,4,0,66,67,0,3,0,0,нет
2025-05-29 18:06:21,10,0,0,2,0,2,0,2,0,134,178,0,2,0,0,нет
2025-05-29 18:06:22,0,0,0,0,0,0,0,0,0,62,0,0,0,0,0,нет
2025-05-29 18:06:23,2,22,0,2,1,2,1,2,1,369,60,482,4,0,0,нет
2025-05-29 18:06:24,2,0,0,2,0,2,0,2,0,61,60,0,2,0,0,нет
2025-05-29 18:06:25,0,0,0,0,0,0,0,0,0,62,0,0,0,0,0,нет
2025-05-29 18:06:26,6,0,0,2,0,2,0,2,0,108,155,0,2,0,0,нет
2025-05-29 18:06:27,884,0,0,10,0,6,0,6,0,962,969,0,5,0,0,нет
2025-05-29 18:06:28,1884,0,0,6,0,4,0,4,0,994,997,0,4,0,0,нет
2025-05-29 18:06:29,237,0,0,2,0,2,0,2,0,996,1020,0,2,0,0,нет
2025-05-29 18:06:30,5,0,0,2,0,2,0,2,0,114,177,0,2,0,0,нет
2025-05-29 18:06:31,0,0,0,0,0,0,0,0,0,62,0,0,0,0,0,нет
2025-05-29 18:06:32,10,0,0,2,0,2,0,2,0,134,177,0,2,0,0,нет
2025-05-29 18:06:33,2,0,0,2,0,2,0,2,0,61,60,0,2,0,0,нет
2025-05-29 18:06:34,1310,122,0,10,2,6,2,6,2,917,922,907,6,0,0,нет
2025-05-29 18:06:35,43,0,0,6,0,4,0,4,0,138,149,0,4,0,0,нет
2025-05-29 18:06:36,70,0,0,4,0,3,0,3,0,873,990,0,3,0,0,нет
2025-05-29 18:06:37,6,0,0,2,0,2,0,2,0,116,170,0,2,0,0,нет
2025-05-29 18:06:38,105,0,0,2,0,2,0,2,0,974,1034,0,2,0,0,нет
2025-05-29 18:06:39,13,0,0,4,0,3,0,3,0,125,155,0,3,0,0,нет
2025-05-29 18:06:40,10,0,0,2,0,2,0,2,0,99,140,0,2,0,0,нет
2025-05-29 18:06:41,0,0,0,0,0,0,0,0,0,62,0,0,0,0,0,нет
2025-05-29 18:06:42,0,0,0,0,0,0,0,0,0,62,0,0,0,0,0,нет
2025-05-29 18:06:43,2,0,0,2,0,2,0,2,0,61,60,0,2,0,0,нет
2025-05-29 18:06:44,98,0,0,14,0,8,0,8,0,335,352,0,7,0,0,нет
2025-05-29 18:06:45,2648,0,0,4,0,3,0,3,0,1027,1029,0,3,0,0,нет
2025-05-29 18:06:46,40,0,0,4,0,3,0,3,0,704,801,0,3,0,0,нет
2025-05-29 18:06:47,1119,0,0,4,0,3,0,3,0,1017,1022,0,3,0,0,нет
2025-05-29 18:06:48,7,0,0,2,0,2,0,2,0,111,154,0,2,0,0,нет
2025-05-29 18:06:49,10,0,0,2,0,2,0,2,0,134,177,0,2,0,0,нет
2025-05-29 18:06:50,0,0,0,0,0,0,0,0,0,62,0,0,0,0,0,нет
2025-05-29 18:06:51,204,0,0,8,0,5,0,5,0,701,720,0,4,0,0,нет
2025-05-29 18:06:52,16,0,0,2,0,2,0,2,0,140,169,0,2,0,0,нет
2025-05-29 18:06:53,8,22,0,4,1,3,1,3,1,336,142,482,5,0,0,нет
2025-05-29 18:06:54,29,0,0,12,0,7,0,7,0,83,87,0,7,0,0,нет
2025-05-29 18:06:55,9,0,0,6,0,4,0,4,0,68,73,0,4,0,0,нет
2025-05-29 18:06:56,21,0,0,8,0,5,0,5,0,112,127,0,4,0,0,нет
2025-05-29 18:06:57,3,0,0,2,0,2,0,2,0,68,80,0,2,0,0,нет
2025-05-29 18:06:58,41,0,0,8,0,5,0,5,0,209,231,0,4,0,0,нет
2025-05-29 18:06:59,491,0,0,22,0,12,0,12,0,778,787,0,9,0,0,нет
2025-05-29 18:07:00,17,0,0,4,0,3,0,3,0,224,281,0,3,0,0,нет
2025-05-29 18:07:01,19,0,0,4,0,3,0,3,0,223,274,0,3,0,0,нет
2025-05-29 18:07:02,13,0,0,4,0,3,0,3,0,236,326,0,3,0,0,нет
2025-05-29 18:07:03,9,0,0,6,0,4,0,4,0,127,170,0,4,0,0,нет
2025-05-29 18:07:04,8,0,0,4,0,3,0,3,0,78,90,0,3,0,0,нет
2025-05-29 18:07:05,7,0,0,4,0,3,0,3,0,169,261,0,3,0,0,нет
2025-05-29 18:07:06,0,0,0,0,0,0,0,0,0,62,0,0,0,0,0,нет
2025-05-29 18:07:07,0,0,0,0,0,0,0,0,0,62,0,0,0,0,0,нет
2025-05-29 18:07:08,0,0,0,0,0,0,0,0,0,62,0,0,0,0,0,нет
2025-05-29 18:07:09,7,1,0,2,1,2,1,2,1,98,140,60,5,0,0,нет
2025-05-29 18:07:10,27,0,0,12,0,7,0,7,0,111,122,0,7,0,0,нет
2025-05-29 18:07:11,8,0,0,2,0,2,0,2,0,65,71,0,3,0,0,нет
2025-05-29 18:07:12,0,0,0,0,0,0,0,0,0,59,0,0,2,0,0,нет
2025-05-29 18:07:13,2,0,0,2,0,2,0,2,0,77,60,0,2,0,0,нет
2025-05-29 18:07:14,0,0,0,0,0,0,0,0,0,62,0,0,0,0,0,нет
2025-05-29 18:07:15,2,0,0,2,0,2,0,2,0,61,60,0,2,0,0,нет
2025-05-29 18:07:16,0,0,0,0,0,0,0,0,0,62,0,0,0,0,0,нет
2025-05-29 18:07:17,0,0,0,0,0,0,0,0,0,109,0,0,0,0,0,нет
2025-05-29 18:07:18,0,0,0,0,0,0,0,0,0,64,0,0,2,0,0,нет
2025-05-29 18:07:19,17,0,0,4,0,3,0,3,0,67,70,0,4,0,0,нет
2025-05-29 18:07:20,0,0,0,0,0,0,0,0,0,62,0,0,0,0,0,нет
2025-05-29 18:07:21,0,0,0,0,0,0,0,0,0,62,0,0,0,0,0,нет
2025-05-29 18:07:22,0,0,0,0,0,0,0,0,0,72,0,0,0,0,0,нет
2025-05-29 18:07:23,2,22,0,2,1,2,1,2,1,369,60,482,4,0,0,нет
2025-05-29 18:07:24,0,0,0,0,0,0,0,0,0,57,0,0,0,0,0,нет
2025-05-29 18:07:25,4,0,0,2,0,2,0,2,0,60,58,0,2,0,0,нет
2025-05-29 18:07:26,3,0,0,2,0,2,0,2,0,68,80,0,2,0,0,нет
2025-05-29 18:07:27,0,0,0,0,0,0,0,0,0,70,0,0,0,0,0,нет
2025-05-29 18:07:28,0,0,0,0,0,0,0,0,0,62,0,0,0,0,0,нет
2025-05-29 18:07:29,9,0,0,2,0,2,0,2,0,66,69,0,2,0,0,нет
2025-05-29 18:07:30,0,0,0,0,0,0,0,0,0,61,0,0,0,0,0,нет
2025-05-29 18:07:31,23,14,0,8,2,5,2,5,2,518,513,723,5,0,0,нет
2025-05-29 18:07:32,217,3,0,14,2,8,2,8,2,608,629,181,8,0,0,нет
2025-05-29 18:07:33,13,0,0,4,0,3,0,3,0,209,277,0,3,0,0,нет
2025-05-29 18:07:34,4,0,0,2,0,2,0,2,0,67,75,0,2,0,0,нет
2025-05-29 18:07:35,14,0,0,4,0,3,0,3,0,330,444,0,3,0,0,нет
2025-05-29 18:07:36,0,0,0,0,0,0,0,0,0,62,0,0,0,0,0,нет
2025-05-29 18:07:37,4,0,0,2,0,2,0,2,0,246,570,0,2,0,0,нет
2025-05-29 18:07:38,0,0,0,0,0,0,0,0,0,61,0,0,0,0,0,нет
2025-05-29 18:07:39,4,0,0,2,0,2,0,2,0,67,75,0,2,0,0,нет
2025-05-29 18:07:40,0,0,0,0,0,0,0,0,0,62,0,0,0,0,0,нет
2025-05-29 18:07:41,0,0,0,0,0,0,0,0,0,62,0,0,0,0,0,нет
2025-05-29 18:07:42,5,0,0,4,0,3,0,3,0,191,347,0,3,0,0,нет
2025-05-29 18:07:43,3,0,0,2,0,2,0,2,0,68,80,0,2,0,0,нет
2025-05-29 18:07:44,0,0,0,0,0,0,0,0,0,62,0,0,0,0,0,нет
2025-05-29 18:07:45,2,0,0,2,0,2,0,2,0,61,60,0,2,0,0,нет
2025-05-29 18:07:46,0,0,0,0,0,0,0,0,0,62,0,0,0,0,0,нет
2025-05-29 18:07:47,0,0,0,0,0,0,0,0,0,78,0,0,0,0,0,нет
2025-05-29 18:07:48,14,0,0,4,0,3,0,3,0,64,65,0,3,0,0,нет
2025-05-29 18:07:49,7,0,0,2,0,2,0,2,0,63,65,0,2,0,0,нет
2025-05-29 18:07:50,21,0,0,6,0,4,0,4,0,66,68,0,3,0,0,нет
2025-05-29 18:07:51,0,0,0,0,0,0,0,0,0,62,0,0,0,0,0,нет
2025-05-29 18:07:52,2,0,0,2,0,2,0,2,0,67,60,0,2,0,0,нет
2025-05-29 18:07:53,0,22,0,0,1,0,1,0,1,369,0,482,2,0,0,нет
2025-05-29 18:07:54,3,0,0,2,0,2,0,2,0,67,80,0,2,0,0,нет
2025-05-29 18:07:55,2,0,0,2,0,2,0,2,0,61,60,0,2,0,0,нет
2025-05-29 18:07:56,0,0,0,0,0,0,0,0,0,62,0,0,0,0,0,нет
2025-05-29 18:07:57,3,0,0,2,0,2,0,2,0,68,80,0,2,0,0,нет
2025-05-29 18:07:58,10,0,0,6,0,4,0,4,0,72,78,0,4,0,0,нет
2025-05-29 18:07:59,24,0,0,4,0,3,0,3,0,68,70,0,3,0,0,нет
2025-05-29 18:08:00,0,0,0,0,0,0,0,0,0,62,0,0,0,0,0,нет
2025-05-29 18:08:01,5,0,0,2,0,2,0,2,0,73,87,0,2,0,0,нет
2025-05-29 18:08:02,9,0,0,4,0,3,0,3,0,63,64,0,3,0,0,нет
2025-05-29 18:08:03,439,0,0,12,0,7,0,7,0,813,824,0,5,0,0,нет
2025-05-29 18:08:04,56,0,0,8,0,5,0,5,0,189,208,0,5,0,0,нет
2025-05-29 18:08:05,26,0,0,6,0,4,0,4,0,375,447,0,4,0,0,нет
2025-05-29 18:08:06,11,0,0,2,0,2,0,2,0,289,414,0,2,0,0,нет
2025-05-29 18:08:07,0,0,0,0,0,0,0,0,0,62,0,0,0,0,0,нет
2025-05-29 18:08:08,2,2,0,2,2,2,2,2,2,66,60,86,4,0,0,нет
2025-05-29 18:08:09,8,0,0,4,0,3,0,3,0,163,239,0,3,0,0,нет
2025-05-29 18:08:10,0,3,0,0,3,0,3,0,3,67,0,77,3,0,0,нет
2025-05-29 18:08:11,8,0,0,2,0,2,0,2,0,66,70,0,2,0,0,нет
2025-05-29 18:08:12,192,0,0,15,0,8,0,9,0,373,384,0,10,0,0,нет
2025-05-29 18:08:13,36,0,0,6,0,4,0,4,0,445,509,0,3,0,0,нет
2025-05-29 18:08:14,9,0,0,2,0,2,0,2,0,274,415,0,2,0,0,нет
2025-05-29 18:08:15,6,0,0,6,0,4,0,4,0,111,160,0,4,0,0,нет
2025-05-29 18:08:16,224,0,0,12,0,8,0,6,0,609,626,0,8,0,0,нет
2025-05-29 18:08:17,1433,0,0,17,0,10,0,9,0,992,997,0,9,0,0,нет
2025-05-29 18:08:18,0,0,0,0,0,0,0,0,0,59,0,0,2,0,0,нет
2025-05-29 18:08:19,6,0,0,2,0,2,0,2,0,228,426,0,3,0,0,нет
2025-05-29 18:08:20,6,0,0,2,0,2,0,2,0,156,414,0,2,0,0,нет
2025-05-29 18:08:21,0,0,0,0,0,0,0,0,0,59,0,0,2,0,0,нет
2025-05-29 18:08:22,3,0,0,2,0,2,0,2,0,216,526,0,2,0,0,нет
2025-05-29 18:08:23,0,22,0,0,1,0,1,0,1,392,0,482,2,0,0,нет
2025-05-29 18:08:24,0,3,0,0,1,0,1,0,1,72,0,92,2,0,0,нет
2025-05-29 18:08:25,71,0,0,16,0,9,0,9,0,407,445,0,8,0,0,нет
2025-05-29 18:08:26,215,0,0,14,0,8,0,8,0,686,704,0,7,0,0,нет
2025-05-29 18:08:27,466,9,0,10,1,6,1,6,1,845,847,1259,6,0,0,нет
2025-05-29 18:08:28,698,1393,4,26,4,15,3,15,3,779,599,881,15,0,0,нет
2025-05-29 18:08:29,157,8,0,20,2,11,2,11,2,320,338,145,7,0,0,нет
2025-05-29 18:08:30,24,33,0,8,2,8,2,2,2,744,837,801,4,0,0,нет
2025-05-29 18:08:31,19,16,0,10,2,9,2,3,2,642,661,837,5,0,0,нет
2025-05-29 18:08:32,112,0,0,4,0,3,0,3,0,883,927,0,3,0,0,нет
2025-05-29 18:08:33,14,8,0,4,2,3,2,3,2,252,265,372,4,0,0,нет
2025-05-29 18:08:34,6,0,0,6,0,6,0,1,0,662,1466,0,2,0,0,нет
2025-05-29 18:08:35,6,0,0,4,0,3,0,3,0,60,59,0,3,0,0,нет
2025-05-29 18:08:36,2,0,0,2,0,2,0,2,0,61,60,0,2,0,0,нет
2025-05-29 18:08:37,8,0,0,4,0,3,0,3,0,106,139,0,3,0,0,нет
2025-05-29 18:08:38,2,0,0,2,0,2,0,2,0,61,60,0,2,0,0,нет
2025-05-29 18:08:39,12,0,0,6,0,6,0,1,0,527,760,0,2,0,0,нет
2025-05-29 18:08:40,360,14,0,22,2,15,2,9,2,747,767,524,10,0,0,нет
2025-05-29 18:08:41,68,0,0,16,0,13,0,5,0,469,505,0,6,0,0,нет
2025-05-29 18:08:42,14,0,0,10,0,9,0,3,0,158,217,0,4,0,0,нет
2025-05-29 18:08:43,25,0,0,10,0,9,0,3,0,206,241,0,4,0,0,нет
2025-05-29 18:08:44,15,0,0,8,0,8,0,2,0,224,289,0,3,0,0,нет
2025-05-29 18:08:45,20,0,0,12,0,10,0,4,0,104,117,0,5,0,0,нет
2025-05-29 18:08:46,8,0,0,8,0,8,0,2,0,58,56,0,3,0,0,нет
2025-05-29 18:08:47,65,0,0,14,0,11,0,5,0,255,273,0,5,0,0,нет
2025-05-29 18:08:48,173,0,0,24,0,17,0,11,0,643,664,0,9,0,0,нет
2025-05-29 18:08:49,16,0,0,4,0,3,0,3,0,212,269,0,3,0,0,нет
2025-05-29 18:08:50,9,0,0,2,0,2,0,2,0,309,474,0,2,0,0,нет
2025-05-29 18:08:51,17,0,0,4,0,3,0,3,0,219,274,0,3,0,0,нет
2025-05-29 18:08:52,4,0,0,2,0,2,0,2,0,154,292,0,2,0,0,нет
2025-05-29 18:08:53,6,22,0,2,1,2,1,2,1,340,101,482,4,0,0,нет
2025-05-29 18:08:54,20,0,0,6,0,4,0,4,0,128,178,0,4,0,0,нет
2025-05-29 18:08:55,15,0,0,7,0,5,0,4,0,71,75,0,5,0,0,нет
2025-05-29 18:08:56,3,0,0,3,0,3,0,2,0,67,79,0,3,0,0,нет
2025-05-29 18:08:57,2,0,0,2,0,2,0,2,0,60,57,0,2,0,0,нет
2025-05-29 18:08:58,9,0,0,4,0,4,0,4,0,99,123,0,3,0,0,нет
2025-05-29 18:08:59,6,0,0,3,0,3,0,2,0,186,311,0,3,0,0,нет
2025-05-29 18:09:00,0,0,0,0,0,0,0,0,0,62,0,0,0,0,0,нет
2025-05-29 18:09:01,0,0,0,0,0,0,0,0,0,62,0,0,0,0,0,нет
2025-05-29 18:09:02,5,0,0,4,0,3,0,3,0,77,96,0,3,0,0,нет
2025-05-29 18:09:03,113,0,0,4,0,3,0,3,0,930,977,0,3,0,0,нет
2025-05-29 18:09:04,1,0,0,1,0,1,0,1,0,69,117,0,2,0,0,нет
2025-05-29 18:09:05,4,0,0,4,0,3,0,3,0,61,60,0,3,0,0,нет
2025-05-29 18:09:06,7,0,0,4,0,3,0,3,0,104,140,0,3,0,0,нет
2025-05-29 18:09:07,0,0,0,0,0,0,0,0,0,70,0,0,0,0,0,нет
2025-05-29 18:09:08,2,0,0,2,0,2,0,2,0,61,60,0,2,0,0,нет
2025-05-29 18:09:09,122,0,0,12,0,7,0,7,0,452,471,0,6,0,0,нет
2025-05-29 18:09:10,338,1,0,18,1,11,1,9,1,784,799,60,11,0,0,нет
2025-05-29 18:09:11,12,0,0,4,0,3,0,3,0,236,323,0,3,0,0,нет
2025-05-29 18:09:12,130,0,0,12,0,7,0,7,0,531,553,0,6,0,0,нет
2025-05-29 18:09:13,104,0,0,9,0,6,0,5,0,433,454,0,5,0,0,нет
2025-05-29 18:09:14,40,0,0,8,0,5,0,5,0,434,490,0,4,0,0,нет
2025-05-29 18:09:15,21,0,0,8,0,5,0,5,0,214,258,0,5,0,0,нет
2025-05-29 18:09:16,127,0,0,11,0,7,0,6,0,362,377,0,5,0,0,нет
2025-05-29 18:09:17,72,0,0,14,0,9,0,7,0,497,540,0,5,0,0,нет
2025-05-29 18:09:18,6772,189,0,19,2,12,2,11,2,984,988,875,10,0,0,нет
2025-05-29 18:09:19,5051,0,0,6,0,4,0,4,0,959,960,0,6,0,0,нет
2025-05-29 18:09:20,14,0,0,5,0,4,0,3,0,260,360,0,5,0,0,нет
2025-05-29 18:09:21,59,0,0,10,0,6,0,6,0,427,490,0,7,0,0,нет
2025-05-29 18:09:22,691,0,0,22,0,12,0,12,0,809,817,0,10,0,0,нет
2025-05-29 18:09:23,11,22,0,2,1,2,1,2,1,390,384,482,4,0,0,нет
2025-05-29 18:09:24,10,0,0,2,0,2,0,2,0,321,477,0,2,0,0,нет
2025-05-29 18:09:25,16,0,0,7,0,5,0,4,0,266,343,0,5,0,0,нет
2025-05-29 18:09:26,80,0,0,8,0,5,0,5,0,404,429,0,4,0,0,нет
2025-05-29 18:09:27,774,0,0,20,0,11,0,11,0,936,958,0,9,0,0,нет
2025-05-29 18:09:28,8,0,0,4,0,4,0,4,0,210,322,0,3,0,0,нет
2025-05-29 18:09:29,14,0,0,4,0,3,0,3,0,272,363,0,3,0,0,нет
2025-05-29 18:09:30,7,0,0,2,0,2,0,2,0,63,65,0,2,0,0,нет
2025-05-29 18:09:31,0,0,0,0,0,0,0,0,0,62,0,0,0,0,0,нет
2025-05-29 18:09:32,16,0,0,6,0,4,0,4,0,221,304,0,4,0,0,нет
2025-05-29 18:09:33,1330,0,0,18,0,10,0,10,0,893,897,0,7,0,0,нет
2025-05-29 18:09:34,19,4,0,5,1,4,1,3,1,176,235,113,6,0,0,нет
2025-05-29 18:09:35,14,2,0,7,1,5,1,4,1,260,366,113,7,0,0,нет
2025-05-29 18:09:36,9,2,0,2,1,2,1,2,1,252,410,113,4,0,0,нет
2025-05-29 18:09:37,4,14,0,2,2,2,2,2,2,486,293,723,3,0,0,нет
2025-05-29 18:09:38,12,3,0,6,2,5,2,5,2,91,85,181,5,0,0,нет
2025-05-29 18:09:39,14,0,0,4,0,3,0,3,0,132,162,0,3,0,0,нет
2025-05-29 18:09:40,0,0,0,0,0,0,0,0,0,62,0,0,0,0,0,нет
2025-05-29 18:09:41,0,0,0,0,0,0,0,0,0,62,0,0,0,0,0,нет
2025-05-29 18:09:42,2,0,0,2,0,2,0,2,0,61,60,0,2,0,0,нет
2025-05-29 18:09:43,6,0,0,2,0,2,0,2,0,108,155,0,2,0,0,нет
2025-05-29 18:09:44,152,0,0,12,0,7,0,7,0,549,568,0,6,0,0,нет
2025-05-29 18:09:45,6,0,0,4,0,3,0,3,0,60,59,0,3,0,0,нет
2025-05-29 18:09:46,386,0,0,8,0,5,0,5,0,867,880,0,4,0,0,нет
2025-05-29 18:09:47,0,0,0,0,0,0,0,0,0,62,0,0,0,0,0,нет
2025-05-29 18:09:48,2,0,0,2,0,2,0,2,0,61,60,0,2,0,0,нет
2025-05-29 18:09:49,212,1094,0,20,2,11,2,11,2,832,518,897,9,0,0,нет
2025-05-29 18:09:50,908,66,0,16,4,9,3,9,3,959,970,893,10,0,0,нет
2025-05-29 18:09:51,46,0,0,6,0,4,0,4,0,231,253,0,4,0,0,нет
2025-05-29 18:09:52,20,18,0,6,2,4,2,4,2,444,259,778,5,0,0,нет
2025-05-29 18:09:53,14,22,0,6,1,4,1,4,1,338,230,482,5,0,0,нет
2025-05-29 18:09:54,0,0,0,0,0,0,0,0,0,62,0,0,0,0,0,нет
2025-05-29 18:09:55,32,26,0,4,2,3,2,3,2,436,180,837,4,0,0,нет
2025-05-29 18:09:56,337,3770,0,14,11,8,7,8,7,863,438,906,13,0,0,нет
2025-05-29 18:09:57,289,60,0,18,4,11,3,9,3,453,443,660,11,0,0,нет
2025-05-29 18:09:58,24,0,0,10,0,9,0,5,0,611,748,0,5,0,0,нет
2025-05-29 18:09:59,12,8,0,6,2,4,2,4,2,190,170,316,5,0,0,нет
2025-05-29 18:10:00,7731,0,0,22,0,14,0,10,0,985,988,0,11,0,0,нет
2025-05-29 18:10:01,12499,0,0,22,0,12,0,12,0,980,981,0,11,0,0,нет
2025-05-29 18:10:02,667,0,0,17,0,11,0,8,0,907,914,0,10,0,0,нет
2025-05-29 18:10:03,3051,0,0,2,0,2,0,2,0,961,962,0,2,0,0,нет
2025-05-29 18:10:04,7540,0,0,4,0,3,0,3,0,994,995,0,3,0,0,нет
2025-05-29 18:10:05,973,0,0,6,0,5,0,3,0,1016,1022,0,4,0,0,нет
2025-05-29 18:10:06,4,0,0,4,0,4,0,2,0,60,57,0,3,0,0,нет
2025-05-29 18:10:07,16,0,0,6,0,6,0,2,0,235,300,0,4,0,0,нет
2025-05-29 18:10:08,6,0,0,6,0,6,0,3,0,59,56,0,4,0,0,нет
2025-05-29 18:10:09,13,2,0,6,2,6,2,2,2,66,64,86,6,0,0,нет
2025-05-29 18:10:10,15,1,0,8,1,7,1,3,1,121,149,60,6,0,0,нет
2025-05-29 18:10:11,14,2,0,6,2,6,2,2,2,106,128,86,6,0,0,нет
2025-05-29 18:10:12,6,0,0,6,0,6,0,2,0,59,56,0,4,0,0,нет
2025-05-29 18:10:13,36,4,0,6,2,6,2,2,1,147,165,107,5,4,37,студент
2025-05-29 18:10:14,15,11,0,6,5,6,3,2,5,124,158,110,5,11,39,студент
2025-05-29 18:10:15,14,1,0,6,1,6,1,2,1,117,142,101,5,1,41,студент
2025-05-29 18:10:16,34,2,0,12,1,8,1,6,1,133,146,113,8,0,0,нет
2025-05-29 18:10:17,41,0,0,4,0,4,0,2,0,213,234,0,3,0,0,нет
2025-05-29 18:10:18,3,0,0,3,0,3,0,2,0,183,492,0,3,0,0,нет
2025-05-29 18:10:19,3,0,0,3,0,3,0,2,0,206,496,0,3,0,0,нет
2025-05-29 18:10:20,305,0,0,4,0,3,0,3,0,637,648,0,3,0,0,нет
2025-05-29 18:10:21,2953,0,0,40,0,22,0,20,0,889,891,0,13,0,0,нет
2025-05-29 18:10:22,807,0,0,37,0,21,0,18,0,588,593,0,16,0,0,нет
2025-05-29 18:10:23,112,25,0,12,3,8,3,6,3,467,494,441,9,0,0,нет
2025-05-29 18:10:24,103,0,0,12,0,8,0,8,0,383,402,0,5,0,0,нет
2025-05-29 18:10:25,16,0,0,4,0,3,0,3,0,175,218,0,3,0,0,нет
2025-05-29 18:10:26,22,0,0,8,0,6,0,4,0,106,121,0,5,0,0,нет
2025-05-29 18:10:27,2711,25,0,14,2,9,2,7,2,966,971,665,8,0,0,нет
2025-05-29 18:10:28,30,0,0,10,0,7,0,5,0,303,351,0,6,0,0,нет
2025-05-29 18:10:29,113,0,0,6,0,5,0,3,0,777,821,0,5,0,0,нет
2025-05-29 18:10:30,20,0,0,6,0,5,0,3,0,66,67,0,3,0,0,нет
2025-05-29 18:10:31,8,0,0,4,0,4,0,2,0,144,206,0,3,0,0,нет
2025-05-29 18:10:32,55,0,0,12,0,8,0,6,0,607,676,0,7,0,0,нет
2025-05-29 18:10:33,2324,76,0,16,6,10,4,8,4,930,941,658,8,0,0,нет
2025-05-29 18:10:34,125,0,0,7,0,6,0,3,0,689,792,0,5,0,0,нет
2025-05-29 18:10:35,1254,0,0,22,0,13,0,11,0,816,819,0,9,0,0,нет
2025-05-29 18:10:36,16,2,0,8,1,6,1,4,1,227,304,113,7,0,0,нет
2025-05-29 18:10:37,219,0,0,10,0,7,0,5,0,934,958,0,6,0,0,нет
2025-05-29 18:10:38,11,0,0,6,0,5,0,3,0,315,477,0,5,0,0,нет
2025-05-29 18:10:39,1501,140,0,44,24,23,14,23,12,613,592,871,21,0,0,нет
2025-05-29 18:10:40,168,255,0,38,30,21,16,19,16,466,290,592,20,0,0,нет
2025-05-29 18:10:41,175,0,0,8,0,5,0,5,0,804,829,0,5,0,0,нет
2025-05-29 18:10:42,693,634,0,24,22,13,12,13,12,792,610,998,17,0,0,нет
2025-05-29 18:10:43,116,0,0,2,0,2,0,2,0,812,851,0,2,0,0,нет
2025-05-29 18:10:44,49,0,0,8,0,5,0,5,0,629,699,0,5,0,0,нет
2025-05-29 18:10:45,674,1270,0,16,24,10,13,8,13,883,627,1022,17,0,0,нет
2025-05-29 18:10:46,913,3440,0,16,44,10,23,8,23,946,698,1013,29,0,0,нет
2025-05-29 18:10:47,3500,761,0,26,38,15,20,13,20,936,956,849,26,0,0,нет
2025-05-29 18:10:48,164,62,0,30,4,17,3,15,3,721,658,951,15,0,0,нет
2025-05-29 18:10:49,27,0,0,9,0,7,0,4,0,406,483,0,7,0,0,нет
2025-05-29 18:10:50,8,44,0,4,2,4,2,2,2,694,89,890,5,0,0,нет
2025-05-29 18:10:51,18,77,0,4,4,4,3,2,3,805,555,921,6,0,0,нет
2025-05-29 18:10:52,9,0,0,6,0,5,0,3,0,139,190,0,5,0,0,нет
2025-05-29 18:10:53,9,22,0,4,1,4,1,2,1,388,378,482,6,0,0,нет
2025-05-29 18:10:54,12,0,0,6,0,5,0,3,0,65,67,0,5,0,0,нет
2025-05-29 18:10:55,34,0,0,14,0,9,0,7,0,191,214,0,8,0,0,нет
2025-05-29 18:10:56,128,2,0,15,1,10,1,7,1,502,529,113,11,0,0,нет
2025-05-29 18:10:57,2117,1628,0,17,24,11,13,8,13,959,972,944,21,0,0,нет
2025-05-29 18:10:58,725,7546,0,12,62,7,32,7,32,970,825,985,36,0,0,нет
2025-05-29 18:10:59,387,22,0,14,8,8,5,8,5,928,963,543,12,0,0,нет
2025-05-29 18:11:00,36,64,0,13,2,8,2,7,2,763,591,925,9,0,0,нет
2025-05-29 18:11:01,5,0,0,2,0,2,0,2,0,172,305,0,2,0,0,нет
2025-05-29 18:11:02,132,1003,0,14,30,8,16,8,16,948,760,978,23,0,0,нет
2025-05-29 18:11:03,53,6969,0,5,57,4,30,3,29,958,714,961,33,0,0,нет
2025-05-29 18:11:04,506,14,0,12,4,8,3,6,3,968,989,596,9,0,0,нет
2025-05-29 18:11:05,16,107,0,6,4,5,3,3,3,920,691,1003,7,0,0,нет
2025-05-29 18:11:06,115,0,0,18,0,11,0,9,0,668,699,0,11,0,0,нет
2025-05-29 18:11:07,21,0,0,10,0,7,0,5,0,201,318,0,6,0,0,нет
2025-05-29 18:11:08,108,0,0,4,0,4,0,2,0,852,895,0,4,0,0,нет
2025-05-29 18:11:09,81,5707,0,8,48,6,25,4,25,969,626,975,30,0,0,нет
2025-05-29 18:11:10,362,262,0,12,15,9,10,5,8,938,980,900,18,0,0,нет
2025-05-29 18:11:11,41,196,0,10,6,7,4,5,4,934,702,1009,9,0,0,нет
2025-05-29 18:11:12,16,0,0,8,0,6,0,4,0,239,333,0,6,0,0,нет
2025-05-29 18:11:13,9,0,0,4,0,4,0,2,0,240,359,0,4,0,0,нет
2025-05-29 18:11:14,98,0,0,12,0,8,0,6,0,825,872,0,7,0,0,нет
2025-05-29 18:11:15,31,0,0,8,0,6,0,4,0,540,632,0,6,0,0,нет
2025-05-29 18:11:16,112,2,0,6,1,5,1,3,1,838,892,113,7,0,0,нет
2025-05-29 18:11:17,1461,704,0,22,48,12,25,12,25,866,844,922,33,0,0,нет
2025-05-29 18:11:18,2767,0,0,10,0,6,0,6,0,952,954,0,5,0,0,нет
2025-05-29 18:11:19,14,0,0,4,0,4,0,2,0,304,444,0,4,0,0,нет
2025-05-29 18:11:20,735,0,0,24,0,13,0,13,0,813,819,0,12,0,0,нет
2025-05-29 18:11:21,508,841,0,17,42,10,22,9,22,798,551,953,25,0,0,нет
2025-05-29 18:11:22,0,0,0,0,0,0,0,0,0,62,0,0,0,0,0,нет
2025-05-29 18:11:23,158,22,0,12,1,7,1,7,1,803,876,482,9,0,0,нет
2025-05-29 18:11:24,215,0,0,8,0,6,0,4,0,881,903,0,6,0,0,нет
2025-05-29 18:11:25,132,0,0,10,0,7,0,5,0,785,818,0,7,0,0,нет
2025-05-29 18:11:26,327,0,0,12,0,8,0,6,0,802,816,0,7,0,0,нет
2025-05-29 18:11:27,1177,74,0,12,2,8,2,6,2,878,878,955,7,0,0,нет
2025-05-29 18:11:28,1657,1956,0,57,120,31,61,28,61,643,417,836,68,0,0,нет
2025-05-29 18:11:29,2,0,0,2,0,2,0,1,0,60,55,0,5,0,0,нет
2025-05-29 18:11:30,55,0,0,10,0,7,0,5,0,264,294,0,7,0,0,нет
2025-05-29 18:11:31,7,0,0,4,0,4,0,2,0,135,208,0,4,0,0,нет
2025-05-29 18:11:32,1163,0,0,15,0,10,0,7,0,838,844,0,9,0,0,нет
2025-05-29 18:11:33,2365,0,0,24,0,14,0,12,0,942,944,0,9,0,0,нет
2025-05-29 18:11:34,53,0,0,6,0,5,0,3,0,300,327,0,4,0,0,нет
2025-05-29 18:11:35,0,0,0,0,0,0,0,0,0,62,0,0,0,0,0,нет
2025-05-29 18:11:36,13,2,0,6,1,5,1,3,1,293,446,113,7,0,0,нет
2025-05-29 18:11:37,11,0,0,8,0,5,0,5,0,174,241,0,4,0,0,нет
2025-05-29 18:11:38,728,401,0,13,46,9,24,6,24,885,943,795,30,0,0,нет
2025-05-29 18:11:39,51,0,0,7,0,5,0,4,0,319,349,0,5,0,0,нет
2025-05-29 18:11:40,109,0,0,15,0,9,0,8,0,563,652,0,6,0,0,нет
2025-05-29 18:11:41,929,0,0,6,0,4,0,4,0,845,851,0,3,0,0,нет
2025-05-29 18:11:42,1013,717,0,22,40,12,21,12,21,800,741,890,29,0,0,нет
2025-05-29 18:11:43,1067,385,0,28,16,16,9,14,9,810,766,946,18,0,0,нет
2025-05-29 18:11:44,307,3,0,20,2,12,2,10,2,540,553,181,9,0,0,нет
2025-05-29 18:11:45,4,55,0,3,2,3,2,1,2,936,249,1082,4,0,0,нет
2025-05-29 18:11:46,4825,142,0,22,2,13,2,11,2,953,959,782,10,0,0,нет
2025-05-29 18:11:47,161,625,0,24,14,14,8,12,8,861,502,962,18,0,0,нет
2025-05-29 18:11:48,102,0,0,16,0,10,0,8,0,411,432,0,8,0,0,нет
2025-05-29 18:11:49,795,0,0,12,0,8,0,6,0,832,838,0,6,0,0,нет
2025-05-29 18:11:50,3510,85,0,24,18,14,10,12,10,924,931,688,18,0,0,нет
2025-05-29 18:11:51,20,0,0,4,0,4,0,2,0,509,643,0,3,0,0,нет
2025-05-29 18:11:52,4999,0,0,22,0,13,0,11,0,898,899,0,10,0,0,нет
2025-05-29 18:11:53,61,22,0,25,1,15,1,12,1,458,489,482,13,0,0,нет
2025-05-29 18:11:54,106,219,0,14,4,9,3,7,3,889,690,1008,9,0,0,нет
2025-05-29 18:11:55,118,0,0,18,0,11,0,9,0,374,389,0,7,0,0,нет
2025-05-29 18:11:56,9,2,0,9,1,6,1,5,1,69,64,113,6,0,0,нет
2025-05-29 18:11:57,14,0,0,8,0,6,0,4,0,277,402,0,5,0,0,нет
2025-05-29 18:11:58,248,268,0,16,26,9,14,9,14,875,931,841,22,0,0,нет
2025-05-29 18:11:59,21,2,0,4,2,3,2,3,2,575,700,801,4,0,0,нет
2025-05-29 18:12:00,6,0,0,6,0,4,0,4,0,61,60,0,2,0,0,нет
2025-05-29 18:12:01,400,7,0,12,2,7,2,7,2,764,776,706,8,0,0,нет
2025-05-29 18:12:02,51,6,0,6,2,5,2,3,2,327,312,751,5,0,0,нет
2025-05-29 18:12:03,37,0,0,16,0,10,0,8,0,220,246,0,6,0,0,нет
2025-05-29 18:12:04,32,0,0,10,0,7,0,5,0,223,253,0,6,0,0,нет
2025-05-29 18:12:05,8,0,0,8,0,6,0,4,0,59,56,0,3,0,0,нет
2025-05-29 18:12:06,31,0,0,14,0,9,0,7,0,221,251,0,6,0,0,нет
2025-05-29 18:12:07,28,0,0,10,0,7,0,5,0,256,298,0,6,0,0,нет
2025-05-29 18:12:08,9,0,0,8,0,6,0,4,0,63,65,0,5,0,0,нет
2025-05-29 18:12:09,2,0,0,2,0,2,0,1,0,60,55,0,2,0,0,нет
2025-05-29 18:12:10,8,2,0,8,2,6,2,4,2,63,59,86,5,0,0,нет
2025-05-29 18:12:11,12,1,0,4,1,3,1,3,1,209,307,60,5,0,0,нет
2025-05-29 18:12:12,27,2,0,10,2,7,2,5,2,258,314,86,7,0,0,нет
2025-05-29 18:12:13,16,0,0,12,0,8,0,6,0,121,144,0,4,0,0,нет
2025-05-29 18:12:14,4,0,0,4,0,4,0,2,0,129,385,0,3,0,0,нет
2025-05-29 18:12:15,38,0,0,10,0,6,0,6,0,253,283,0,4,0,0,нет
2025-05-29 18:12:16,42,2,0,12,1,8,1,6,1,174,193,113,7,0,0,нет
2025-05-29 18:12:17,2,0,0,2,0,2,0,2,0,99,60,0,2,0,0,нет
2025-05-29 18:12:18,4,0,0,4,0,3,0,3,0,64,59,0,3,0,0,нет
2025-05-29 18:12:19,0,0,0,0,0,0,0,0,0,62,0,0,0,0,0,нет
2025-05-29 18:12:20,18,0,0,10,0,6,0,6,0,184,225,0,4,0,0,нет
2025-05-29 18:12:21,2,7,0,2,2,2,2,1,2,155,711,119,6,0,0,нет
2025-05-29 18:12:22,5,2,0,4,1,4,1,2,1,75,70,129,5,0,0,нет
2025-05-29 18:12:23,693,24,0,20,2,12,2,10,2,668,681,452,12,0,0,нет
2025-05-29 18:12:24,4001,0,0,12,0,8,0,6,0,916,917,0,7,0,0,нет
2025-05-29 18:12:25,547,0,0,22,0,13,0,11,0,621,627,0,9,0,0,нет
2025-05-29 18:12:26,304,0,0,24,0,14,0,12,0,792,807,0,10,0,0,нет
2025-05-29 18:12:27,77,0,0,10,0,7,0,5,0,685,741,0,6,0,0,нет
2025-05-29 18:12:28,16,0,0,8,0,6,0,4,0,113,132,0,5,0,0,нет
2025-05-29 18:12:29,188,166,0,10,5,7,4,5,4,707,678,783,11,0,0,нет
2025-05-29 18:12:30,21,6,0,10,5,7,4,5,4,256,229,571,9,0,0,нет
2025-05-29 18:12:31,247,2,0,14,1,9,1,7,1,838,863,113,9,0,0,нет
2025-05-29 18:12:32,1084,502,0,40,32,22,17,20,17,660,637,718,25,0,0,нет
2025-05-29 18:12:33,2308,62,0,18,26,11,14,9,14,956,964,770,18,0,0,нет
2025-05-29 18:12:34,35,0,0,10,0,6,0,6,0,352,402,0,6,0,0,нет
2025-05-29 18:12:35,63,0,0,22,0,12,0,12,0,380,410,0,9,0,0,нет
2025-05-29 18:12:36,770,289,0,30,24,17,13,15,13,726,729,738,21,0,0,нет
2025-05-29 18:12:37,20,70,0,10,22,6,12,6,12,650,354,786,17,0,0,нет
2025-05-29 18:12:38,184,0,0,12,0,7,0,7,0,749,775,0,7,0,0,нет
2025-05-29 18:12:39,553,1069,0,34,66,18,34,18,34,721,477,851,41,0,0,нет
2025-05-29 18:12:40,29,42,0,10,28,7,15,5,15,514,200,796,20,0,0,нет
2025-05-29 18:12:41,24,0,0,8,0,6,0,4,0,100,111,0,6,0,0,нет
2025-05-29 18:12:42,295,2447,0,10,20,7,11,5,11,954,856,968,15,0,0,нет
2025-05-29 18:12:43,20,0,0,18,0,11,0,9,0,64,65,0,5,0,0,нет
2025-05-29 18:12:44,26,0,0,8,0,6,0,4,0,302,357,0,5,0,0,нет
2025-05-29 18:12:45,35,0,0,16,0,10,0,8,0,128,139,0,6,0,0,нет
2025-05-29 18:12:46,14,0,0,14,0,9,0,7,0,59,59,0,6,0,0,нет
2025-05-29 18:12:47,159,0,0,14,0,9,0,7,0,819,912,0,8,0,0,нет
2025-05-29 18:12:48,644,0,0,16,0,10,0,8,0,823,833,0,11,0,0,нет
2025-05-29 18:12:49,5,0,0,4,0,4,0,2,0,241,492,0,3,0,0,нет
2025-05-29 18:12:50,14,0,0,6,0,5,0,3,0,190,245,0,4,0,0,нет
2025-05-29 18:12:51,35,2,0,12,1,8,1,6,1,163,183,113,10,0,0,нет
2025-05-29 18:12:52,15,0,0,6,0,5,0,3,0,177,228,0,5,0,0,нет
2025-05-29 18:12:53,332,22,0,22,1,12,1,12,1,804,839,482,9,0,0,нет
2025-05-29 18:12:54,693,0,0,10,0,6,0,6,0,884,891,0,6,0,0,нет
2025-05-29 18:12:55,1136,2140,0,28,52,16,27,14,27,890,832,924,36,0,0,нет
2025-05-29 18:12:56,31,153,0,14,6,8,4,8,4,715,474,790,8,0,0,нет
2025-05-29 18:12:57,395,20,0,15,2,8,2,9,2,756,761,854,10,0,0,нет
2025-05-29 18:12:58,47,0,0,8,0,5,0,5,0,285,314,0,5,0,0,нет
2025-05-29 18:12:59,0,0,0,0,0,0,0,0,0,62,0,0,0,0,0,нет
2025-05-29 18:13:00,62,0,0,14,0,9,0,7,0,194,207,0,7,0,0,нет
2025-05-29 18:13:01,696,160,0,14,28,9,15,7,15,922,925,943,21,0,0,нет
2025-05-29 18:13:02,55,96,0,14,22,9,15,7,9,630,496,742,22,0,0,нет
2025-05-29 18:13:03,2567,0,0,32,0,18,0,16,0,904,906,0,12,0,0,нет
2025-05-29 18:13:04,2194,152,0,22,19,13,11,11,10,869,874,835,20,0,0,нет
2025-05-29 18:13:05,2083,8,0,16,3,10,3,8,2,960,964,916,10,0,0,нет
2025-05-29 18:13:06,386,146,0,32,15,18,9,16,8,751,720,866,21,0,0,нет
2025-05-29 18:13:07,90,0,0,14,0,9,0,7,0,499,528,0,8,0,0,нет
2025-05-29 18:13:08,362,0,0,10,0,7,0,5,0,962,977,0,6,0,0,нет
2025-05-29 18:13:09,1049,1141,0,24,49,14,26,12,25,917,824,1007,35,0,0,нет
2025-05-29 18:13:10,559,324,0,8,4,5,3,5,3,990,971,1041,7,0,0,нет
2025-05-29 18:13:11,3368,3,0,32,2,18,2,16,2,871,873,95,16,0,0,нет
2025-05-29 18:13:12,1450,144,0,18,14,10,8,10,8,924,944,757,15,0,0,нет
2025-05-29 18:13:13,109,122,0,20,6,11,4,11,4,581,392,775,11,0,0,нет
2025-05-29 18:13:14,45,0,0,12,0,7,0,7,0,209,228,0,7,0,0,нет
2025-05-29 18:13:15,22,0,0,6,0,4,0,4,0,270,327,0,4,0,0,нет
2025-05-29 18:13:16,30,0,0,10,0,6,0,6,0,243,280,0,6,0,0,нет
2025-05-29 18:13:17,1004,336,0,30,46,16,24,16,24,789,829,688,37,0,0,нет
2025-05-29 18:13:18,289,91,0,16,12,9,7,9,7,437,371,671,13,0,0,нет
2025-05-29 18:13:19,1,0,0,1,0,1,0,1,0,62,66,0,2,0,0,нет
2025-05-29 18:13:20,12,0,0,4,0,3,0,3,0,165,309,0,3,0,0,нет
2025-05-29 18:13:21,94,15,0,13,2,7,2,8,2,346,310,689,8,0,0,нет
2025-05-29 18:13:22,66,0,0,10,0,6,0,6,0,283,303,0,5,0,0,нет
2025-05-29 18:13:23,49,22,0,18,1,10,1,10,1,339,309,482,9,0,0,нет
2025-05-29 18:13:24,46,0,0,14,0,8,0,8,0,182,197,0,6,0,0,нет
2025-05-29 18:13:25,11,0,0,2,0,2,0,2,0,68,70,0,2,0,0,нет
2025-05-29 18:13:26,179,0,0,14,0,8,0,8,0,724,747,0,7,0,0,нет
2025-05-29 18:13:27,28,0,0,12,0,7,0,7,0,353,416,0,7,0,0,нет
2025-05-29 18:13:28,0,0,0,0,0,0,0,0,0,62,0,0,0,0,0,нет
2025-05-29 18:13:29,19,0,0,6,0,4,0,4,0,374,473,0,4,0,0,нет
2025-05-29 18:13:30,166,450,4,18,46,11,24,11,24,812,808,823,31,0,0,нет
2025-05-29 18:13:31,32,2,0,9,1,6,1,5,1,363,435,113,7,0,0,нет
2025-05-29 18:13:32,400,0,0,17,0,9,0,10,0,873,885,0,7,0,0,нет
2025-05-29 18:13:33,2506,3310,0,39,66,21,34,20,34,914,837,973,44,0,0,нет
2025-05-29 18:13:34,188,0,0,15,0,8,0,9,0,629,647,0,9,0,0,нет
2025-05-29 18:13:35,0,0,0,0,0,0,0,0,0,59,0,0,0,0,0,нет
2025-05-29 18:13:36,9,0,0,5,0,3,0,4,0,186,270,0,4,0,0,нет
2025-05-29 18:13:37,241,52,0,14,12,8,7,8,7,885,947,694,14,0,0,нет
2025-05-29 18:13:38,49,0,0,14,0,8,0,8,0,327,365,0,8,0,0,нет
2025-05-29 18:13:39,50,0,0,10,0,6,0,6,0,70,71,0,6,0,0,нет
2025-05-29 18:13:40,10,0,0,4,0,3,0,3,0,247,358,0,3,0,0,нет
2025-05-29 18:13:41,21,0,0,9,0,6,0,5,0,176,209,0,6,0,0,нет
2025-05-29 18:13:42,9,0,0,8,0,5,0,5,0,123,164,0,3,0,0,нет
2025-05-29 18:13:43,13,0,0,12,0,7,0,7,0,64,65,0,4,0,0,нет
2025-05-29 18:13:44,11,0,0,4,0,3,0,3,0,235,330,0,3,0,0,нет
2025-05-29 18:13:45,0,0,0,0,0,0,0,0,0,62,0,0,0,0,0,нет
2025-05-29 18:13:46,2,0,0,2,0,2,0,2,0,61,60,0,2,0,0,нет
2025-05-29 18:13:47,2,0,0,2,0,2,0,2,0,61,60,0,2,0,0,нет
2025-05-29 18:13:48,32,0,0,8,0,5,0,5,0,64,64,0,5,0,0,нет
2025-05-29 18:13:49,0,0,0,0,0,0,0,0,0,59,0,0,2,0,0,нет
2025-05-29 18:13:50,66,0,0,6,0,4,0,4,0,735,797,0,3,0,0,нет
2025-05-29 18:13:51,938,1356,0,26,43,14,23,14,23,845,849,846,32,0,0,нет
2025-05-29 18:13:52,6,0,0,6,0,4,0,4,0,61,60,0,2,0,0,нет
2025-05-29 18:13:53,21,22,0,10,1,6,1,6,1,361,350,482,8,0,0,нет
2025-05-29 18:13:54,5,0,0,2,0,2,0,2,0,117,285,0,3,0,0,нет
2025-05-29 18:13:55,14,0,0,4,0,3,0,3,0,361,490,0,3,0,0,нет
2025-05-29 18:13:56,10,17,0,2,2,2,2,2,2,388,177,627,3,0,0,нет
2025-05-29 18:13:57,18,0,0,8,0,5,0,5,0,310,393,0,5,0,0,нет
2025-05-29 18:13:58,0,0,0,0,0,0,0,0,0,62,0,0,0,0,0,нет
2025-05-29 18:13:59,7,0,0,2,0,2,0,2,0,281,469,0,2,0,0,нет
2025-05-29 18:14:00,14,0,0,4,0,3,0,3,0,361,489,0,3,0,0,нет
2025-05-29 18:14:01,2,0,0,2,0,2,0,2,0,61,60,0,2,0,0,нет
2025-05-29 18:14:02,129,0,0,12,0,7,0,7,0,436,454,0,5,0,0,нет
2025-05-29 18:14:03,47,0,0,8,0,5,0,5,0,400,443,0,4,0,0,нет
2025-05-29 18:14:04,28,0,0,4,0,3,0,3,0,413,489,0,3,0,0,нет
2025-05-29 18:14:05,143,0,0,10,0,6,0,6,0,781,821,0,6,0,0,нет
2025-05-29 18:14:06,17,0,0,6,0,4,0,4,0,322,414,0,4,0,0,нет
2025-05-29 18:14:07,4,0,0,2,0,2,0,2,0,65,58,0,2,0,0,нет
2025-05-29 18:14:08,14,0,0,4,0,3,0,3,0,359,486,0,3,0,0,нет
2025-05-29 18:14:09,13,0,0,2,0,2,0,2,0,70,74,0,2,0,0,нет
2025-05-29 18:14:10,10,0,0,2,0,2,0,2,0,133,177,0,2,0,0,нет
2025-05-29 18:14:11,17,5,0,6,4,4,4,4,4,281,414,91,9,0,0,нет
2025-05-29 18:14:12,22,0,0,12,0,7,0,7,0,274,332,0,4,0,0,нет
2025-05-29 18:14:13,21,2,0,10,2,6,2,6,2,270,347,86,7,0,0,нет
2025-05-29 18:14:14,7,0,0,2,0,2,0,2,0,63,65,0,2,0,0,нет
2025-05-29 18:14:15,0,0,0,0,0,0,0,0,0,62,0,0,0,0,0,нет
2025-05-29 18:14:16,6,0,0,4,0,3,0,3,0,71,80,0,3,0,0,нет
2025-05-29 18:14:17,2,0,0,2,0,2,0,2,0,99,60,0,2,0,0,нет
2025-05-29 18:14:18,0,0,0,0,0,0,0,0,0,62,0,0,0,0,0,нет
2025-05-29 18:14:19,0,0,0,0,0,0,0,0,0,62,0,0,0,0,0,нет
2025-05-29 18:14:20,14,0,0,4,0,3,0,3,0,359,487,0,3,0,0,нет
2025-05-29 18:14:21,14,0,0,4,0,3,0,3,0,359,486,0,3,0,0,нет
2025-05-29 18:14:22,29,0,0,14,0,8,0,8,0,235,271,0,5,0,0,нет
2025-05-29 18:14:23,4,22,0,4,1,3,1,3,1,350,60,482,4,0,0,нет
2025-05-29 18:14:24,952,1182,0,38,40,20,21,20,21,860,796,916,32,0,0,нет
2025-05-29 18:14:25,1603,612,0,62,58,32,30,32,30,723,689,819,37,0,0,нет
2025-05-29 18:14:26,7,0,0,4,0,3,0,3,0,244,401,0,3,0,0,нет
2025-05-29 18:14:27,28,0,0,8,0,5,0,5,0,373,583,0,5,0,0,нет
2025-05-29 18:14:28,42,0,0,8,0,5,0,5,0,327,365,0,4,0,0,нет
2025-05-29 18:14:29,30,0,0,8,0,5,0,5,0,455,533,0,5,0,0,нет
2025-05-29 18:14:30,25,0,0,8,0,5,0,5,0,308,368,0,5,0,0,нет
2025-05-29 18:14:31,0,2,0,0,1,0,1,0,1,74,0,113,2,0,0,нет
2025-05-29 18:14:32,22,0,0,12,0,7,0,7,0,269,350,0,4,0,0,нет
2025-05-29 18:14:33,11,0,0,6,0,4,0,4,0,77,86,0,4,0,0,нет
2025-05-29 18:14:34,14,93,0,4,2,3,2,3,2,920,493,1040,4,0,0,нет
2025-05-29 18:14:35,0,28,0,0,2,0,2,0,2,718,0,906,2,0,0,нет
2025-05-29 18:14:36,14,0,0,4,0,3,0,3,0,380,516,0,3,0,0,нет
2025-05-29 18:14:37,20,0,0,10,0,6,0,6,0,331,412,0,5,0,0,нет
2025-05-29 18:14:38,564,0,0,8,0,5,0,5,0,945,956,0,5,0,0,нет
2025-05-29 18:14:39,268,17,0,8,2,5,2,5,2,1182,1232,791,6,0,0,нет
2025-05-29 18:14:40,120,0,0,2,0,2,0,2,0,781,817,0,2,0,0,нет
2025-05-29 18:14:41,10,0,0,2,0,2,0,2,0,129,177,0,2,0,0,нет
2025-05-29 18:14:42,8,0,0,8,0,5,0,5,0,61,60,0,2,0,0,нет
2025-05-29 18:14:43,7,0,0,2,0,2,0,2,0,231,377,0,2,0,0,нет
2025-05-29 18:14:44,4,0,0,2,0,2,0,2,0,267,575,0,2,0,0,нет
2025-05-29 18:14:45,610,0,0,8,0,5,0,5,0,1079,1089,0,5,0,0,нет
2025-05-29 18:14:46,0,0,0,0,0,0,0,0,0,62,0,0,0,0,0,нет
2025-05-29 18:14:47,11,0,0,4,0,3,0,3,0,411,602,0,3,0,0,нет
2025-05-29 18:14:48,0,0,0,0,0,0,0,0,0,62,0,0,0,0,0,нет
2025-05-29 18:14:49,0,0,0,0,0,0,0,0,0,62,0,0,0,0,0,нет
2025-05-29 18:14:50,10,0,0,2,0,2,0,2,0,134,177,0,2,0,0,нет
2025-05-29 18:14:51,162,820,0,16,19,9,11,9,11,961,761,1007,20,0,0,нет
2025-05-29 18:14:52,18,0,0,14,0,8,0,8,0,290,366,0,5,0,0,нет
2025-05-29 18:14:53,109,22,0,2,1,2,1,2,1,803,909,482,4,0,0,нет
2025-05-29 18:14:54,1036,0,0,14,0,8,0,8,0,886,891,0,8,0,0,нет
2025-05-29 18:14:55,523,0,0,20,0,11,0,11,0,880,889,0,6,0,0,нет
2025-05-29 18:14:56,21,0,0,6,0,4,0,4,0,281,344,0,4,0,0,нет
2025-05-29 18:14:57,304,0,0,8,0,5,0,5,0,769,785,0,5,0,0,нет
2025-05-29 18:14:58,2005,0,0,10,0,6,0,6,0,958,962,0,9,0,0,нет
2025-05-29 18:14:59,8,0,0,2,0,2,0,2,0,242,377,0,2,0,0,нет
2025-05-29 18:15:00,4,0,0,2,0,2,0,2,0,75,63,0,3,0,0,нет
2025-05-29 18:15:01,0,0,0,0,0,0,0,0,0,62,0,0,0,0,0,нет
2025-05-29 18:15:02,8,0,0,8,0,5,0,5,0,61,60,0,2,0,0,нет
2025-05-29 18:15:03,10,0,0,2,0,2,0,2,0,122,177,0,2,0,0,нет
2025-05-29 18:15:04,2457,0,0,14,0,8,0,8,0,1005,1007,0,7,0,0,нет
2025-05-29 18:15:05,2823,0,0,24,0,13,0,13,0,956,958,0,8,0,0,нет
2025-05-29 18:15:06,48,0,0,8,0,5,0,5,0,298,328,0,4,0,0,нет
2025-05-29 18:15:07,2,0,0,2,0,2,0,2,0,61,60,0,2,0,0,нет
2025-05-29 18:15:08,0,0,0,0,0,0,0,0,0,62,0,0,0,0,0,нет
2025-05-29 18:15:09,15,0,0,4,0,3,0,3,0,168,210,0,3,0,0,нет
2025-05-29 18:15:10,3,0,0,2,0,2,0,2,0,68,80,0,2,0,0,нет
2025-05-29 18:15:11,0,1,0,0,1,0,1,0,1,61,0,60,2,0,0,нет
2025-05-29 18:15:12,0,0,0,0,0,0,0,0,0,62,0,0,0,0,0,нет
2025-05-29 18:15:13,0,0,0,0,0,0,0,0,0,62,0,0,0,0,0,нет
2025-05-29 18:15:14,0,0,0,0,0,0,0,0,0,62,0,0,0,0,0,нет
2025-05-29 18:15:15,30,0,0,16,0,9,0,9,0,65,66,0,5,0,0,нет
2025-05-29 18:15:16,43,8,0,2,0,2,5,2,5,162,184,119,2,8,39,студент
2025-05-29 18:15:17,45,0,0,6,0,4,0,4,0,176,187,0,4,0,0,нет
2025-05-29 18:15:18,0,0,0,0,0,0,0,0,0,62,0,0,0,0,0,нет
2025-05-29 18:15:19,2,0,0,1,0,1,0,1,0,178,526,0,2,0,0,нет
2025-05-29 18:15:20,23,0,0,6,0,4,0,4,0,186,227,0,4,0,0,нет
